comment_id,scraped_at,post_url,source_handle,platform,utility_type,raw_text,cleaned_text,lang_detected,sentiment_label,score_pos,score_neu,score_neg,lexicon_boosted,is_excluded
6e80ac19e5577a7689b19e0f6fbf1604cd6741eb,2026-06-27T20:42:09.694807+00:00,https://www.instagram.com/p/DaELSOBRU1Q/,edeeste.rd,instagram,EDEESTE,"@edeeste.rd tengo una orden pendiente de instalación desde el día 20 y aún no me instalan la la energía, el servicio es una persona envejciente. Ayuda por favor",".rd tengo una orden pendiente de instalación desde el día 20 y aún no me instalan la la energía, el servicio es una persona envejciente. ayuda por favor",es,NEG,0.0048,0.0652,0.93,False,False
e31d161f6e1db3a6332b2665365af5f0329cb163,2026-06-27T20:42:09.694807+00:00,https://www.instagram.com/p/DaELSOBRU1Q/,edeeste.rd,instagram,EDEESTE,"Lamentablemente hay que decir que no sirve el servicio de esta compañía responsable de que tengamos a disposición la energía eléctrica que necesitamos, y más si estamos cumpliendo, siendo responsable con los pagos del uso de la misma.... Como es posible que desde el martes tenga un reporte realizado y esta es la hora que no he recibido ninguna respuesta. He llamado más de 15 veces y cada vez me dicen que van a escalar y nada. Luego quieren cobrarle a uno un servicio el cual no han ofrecido. Los voy a reportar con las instancias competentes por incumplimiento, ya aguanto un escalamiento más, al cual nadie atiende.","lamentablemente hay que decir que no sirve el servicio de esta compañía responsable de que tengamos a disposición la energía eléctrica que necesitamos, y más si estamos cumpliendo, siendo responsable con los pagos del uso de la misma.. como es posible que desde el martes tenga un reporte realizado y esta es la hora que no he recibido ninguna respuesta. he llamado más de 15 veces y cada vez me dicen que van a escalar y nada. luego quieren cobrarle a uno un servicio el cual no han ofrecido. los voy a reportar con las instancias competentes por incumplimiento, ya aguanto un escalamiento más, al cual nadie atiende.",es,NEG,0.0025,0.0164,0.9811,False,False
f07d1b20bead99746abb35bbc4318ee14d4090cb,2026-06-27T20:42:09.694807+00:00,https://www.instagram.com/p/DaELSOBRU1Q/,edeeste.rd,instagram,EDEESTE,Actualmente los sectores del circuito Brisal 11 en Santo Domingo Este no tenemos energía eléctrica desde ayer a las 8:10 PM. @edeeste.rd Qué es lo que está pasando en mi país con el servicio eléctrico@edeeste.rd ?,actualmente los sectores del circuito brisal 11 en santo domingo este no tenemos energía eléctrica desde ayer a las 8:10 pm. .rd qué es lo que está pasando en mi país con el servicio eléctrico.rd ?,es,NEG,0.0064,0.0757,0.9179,False,False
603bf699590c4840e86d0b9cb8c462fc169acb8b,2026-06-27T20:42:09.694807+00:00,https://www.instagram.com/p/DaELSOBRU1Q/,edeeste.rd,instagram,EDEESTE,on unos abusadores un residencial con 21 familias sin luz por más de 12 horas!  En la Costa Rica 193 en Alma Rosa 2,on unos abusadores un residencial con 21 familias sin luz por más de 12 horas! en la costa rica 193 en alma rosa 2,es,NEG,0.0086,0.0,0.9914,True,False
4d5471c7bebdad85fb660d5e658e6eaadc7632de,2026-06-27T20:42:09.694807+00:00,https://www.instagram.com/p/DaELSOBRU1Q/,edeeste.rd,instagram,EDEESTE,"La luz de la ureña desde las 8 de la noche sin luz, esto es un abuso uy grande señores no abusen así","la luz de la ureña desde las 8 de la noche sin luz, esto es un abuso uy grande señores no abusen así",es,NEG,0.0086,0.0,0.9914,True,False
34f50aa055cccda680df9cc90eeedcc771bd365e,2026-06-27T20:42:09.694807+00:00,https://www.instagram.com/p/DaELSOBRU1Q/,edeeste.rd,instagram,EDEESTE,"Claro, aquí está corregido:

Han pasado más de tres horas desde que EDEESTE suspendió el servicio eléctrico en el sector Naime. Se llevaron la luz a las 12:00 de la madrugada y ya son las 3:30 de la madrugada, sin una sola explicación.

La situación es desesperante. En las calles se ven envejecientes, niños, mujeres embarazadas, personas enfermas y familias completas tratando de soportar el calor porque dentro de sus casas ya no aguantan.

Lo más preocupante es que esto no parece un hecho aislado. En los últimos meses esta práctica se ha venido repitiendo con mayor frecuencia y por períodos cada vez más largos. Mientras tanto, los ciudadanos seguimos sin respuestas claras.

¿Qué es lo que está pasando? ¿Hasta cuándo tendremos que seguir soportando estos apagones sin información, sin planificación y sin respeto hacia la población?

Los ciudadanos merecemos un servicio digno y, sobre todo, explicaciones.","claro, aquí está corregido: han pasado más de tres horas desde que edeeste suspendió el servicio eléctrico en el sector naime. se llevaron la luz a las 12:00 de la madrugada y ya son las 3:30 de la madrugada, sin una sola explicación. la situación es desesperante. en las calles se ven envejecientes, niños, mujeres embarazadas, personas enfermas y familias completas tratando de soportar el calor porque dentro de sus casas ya no aguantan. lo más preocupante es que esto no parece un hecho aislado. en los últimos meses esta práctica se ha venido repitiendo con mayor frecuencia y por períodos cada vez más largos. mientras tanto, los ciudadanos seguimos sin respuestas claras. qué es lo que está pasando? hasta cuándo tendremos que seguir soportando estos apagones sin información, sin planificación y sin respeto hacia la población? los ciudadanos merecemos un servicio digno y, sobre todo, explicaciones.",es,NEG,0.0025,0.0,0.9975,True,False
54649d5ffb059b8a4d67b0139a2a63bbfcd2c7af,2026-06-27T20:42:09.694807+00:00,https://www.instagram.com/p/DaELSOBRU1Q/,edeeste.rd,instagram,EDEESTE,"SECTORES DEL CIRCUITO EBRI11 EN SANTO DOMINGO ESTE ACTUALMENTE VAMOS RUMBO A 8 HORAS SIN ENERGÍA ELÉCTRICA. ESTO ES UN ABUSO A LOS USUARIOS, YA QUE EL MISMO PROBLEMA LO PRESENTAMOS EL MIÉRCOLES HASTA EL AMANECER.  @edeeste.rd @siegobrd @energiayminasrd @presidenciard @luisabinader @raquelpenavice @jose_paliza ⚠️","sectores del circuito ebri11 en santo domingo este actualmente vamos rumbo a 8 horas sin energía eléctrica. esto es un abuso a los usuarios, ya que el mismo problema lo presentamos el miércoles hasta el amanecer. .rd",es,NEG,0.0065,0.0576,0.9359,False,False
d2bdf054b49dcc35b09e56be868cac58e39a1403,2026-06-27T20:42:09.694807+00:00,https://www.instagram.com/p/DaELSOBRU1Q/,edeeste.rd,instagram,EDEESTE,"Pude verificar que el circuito EBRI11 asociado a tu suministro se encuentra fuera de servicio desde el 26/06/2026 20:10:10, por Una Averia de Distribucion. Aún no te puedo indicar la hora de restablecimiento, sin embargo, para nosotros es muy importante que tengas servicio de electricidad y cualquier fallo que esté presentando tu circuito será atendido  por nuestro equipo técnico. ⚡@edeeste.rd Aún continuamos sin energía eléctrica. ⚠️","pude verificar que el circuito ebri11 asociado a tu suministro se encuentra fuera de servicio desde el 26062026 20:10:10, por una averia de distribucion. aún no te puedo indicar la hora de restablecimiento, sin embargo, para nosotros es muy importante que tengas servicio de electricidad y cualquier fallo que esté presentando tu circuito será atendido por nuestro equipo técnico. .rd aún continuamos sin energía eléctrica.",es,NEU,0.035,0.6171,0.3479,False,False
820180d5eefa69976c2aa48647d041ced12b2710,2026-06-27T20:42:09.694807+00:00,https://www.instagram.com/p/DaELSOBRU1Q/,edeeste.rd,instagram,EDEESTE,"Pude verificar que el circuito EBRI11 asociado a tu suministro se encuentra fuera de servicio desde el 26/06/2026 20:10:10, por Una Averia de Distribucion. Aún no te puedo indicar la hora de restablecimiento, sin embargo, para nosotros es muy importante que tengas servicio de electricidad y cualquier fallo que esté presentando tu circuito será atendido  por nuestro equipo técnico. ⚡ Por favor, necesitamos que las autoridades competentes presten atención a la situación que estamos enfrentando los residentes de Santo Domingo Este. Actualmente, no tenemos energía eléctrica desde anoche, y las averías se han hecho recurrentes durante las noches, por lo que esperamos que estabilicen el servicio eléctrico, ya que hemos presentando aproximadamente 6 interrupciones hasta el momento. ⚠️ @edeeste.rd","pude verificar que el circuito ebri11 asociado a tu suministro se encuentra fuera de servicio desde el 26062026 20:10:10, por una averia de distribucion. aún no te puedo indicar la hora de restablecimiento, sin embargo, para nosotros es muy importante que tengas servicio de electricidad y cualquier fallo que esté presentando tu circuito será atendido por nuestro equipo técnico. por favor, necesitamos que las autoridades competentes presten atención a la situación que estamos enfrentando los residentes de santo domingo este. actualmente, no tenemos energía eléctrica desde anoche, y las averías se han hecho recurrentes durante las noches, por lo que esperamos que estabilicen el servicio eléctrico, ya que hemos presentando aproximadamente 6 interrupciones hasta el momento. .rd",es,NEG,0.0166,0.1331,0.8503,True,False
f3341658e0b0901a43ddb7d53df470f555fd7bce,2026-06-27T20:42:09.694807+00:00,https://www.instagram.com/p/DaELSOBRU1Q/,edeeste.rd,instagram,EDEESTE,"La luz dejó residencial Emilia no será necesario pagarla, pues nunca llega. Siempre se cae un poste, un cable de alta tensión, una avería de distribución, en fin cambió la fecha y desde las 2pm de ayer estamos sin servicios. Bien ahí EdeEste! Excelente apagón!","la luz dejó residencial emilia no será necesario pagarla, pues nunca llega. siempre se cae un poste, un cable de alta tensión, una avería de distribución, en fin cambió la fecha y desde las 2pm de ayer estamos sin servicios. bien ahí edeeste! excelente apagón!",es,NEG,0.0107,0.0,0.9893,True,False
5645636903729e39244d7d91697a526c88a7094f,2026-06-27T20:42:09.694807+00:00,https://www.instagram.com/p/DaELSOBRU1Q/,edeeste.rd,instagram,EDEESTE,"Pude verificar que el circuito EBRI11 asociado a tu suministro se encuentra fuera de servicio desde el 26/06/2026 20:10:10, por Una Averia de Distribucion. Aún no te puedo indicar la hora de restablecimiento, sin embargo, para nosotros es muy importante que tengas servicio de electricidad y cualquier fallo que esté presentando tu circuito será atendido  por nuestro equipo técnico. ⚡@edeeste.rd Cuán será estabilizada la energía?","pude verificar que el circuito ebri11 asociado a tu suministro se encuentra fuera de servicio desde el 26062026 20:10:10, por una averia de distribucion. aún no te puedo indicar la hora de restablecimiento, sin embargo, para nosotros es muy importante que tengas servicio de electricidad y cualquier fallo que esté presentando tu circuito será atendido por nuestro equipo técnico. .rd cuán será estabilizada la energía?",es,NEU,0.0434,0.7549,0.2017,False,False
388ce7dfbae34fdb3f25c9bd4990f935417405e3,2026-06-27T20:42:09.694807+00:00,https://www.instagram.com/p/DaELSOBRU1Q/,edeeste.rd,instagram,EDEESTE,"LAS TANDAS DE APAGONES QUE HEMOS SUFRIDO MILES DE FAMILIAS EN ESTA SEMANA FORMAN PARTE DE LAS 75 INTERRUPCIONES DE LA ENERGÍA ELÉCTRICA QUE HEMOS PADECIDO EN LOS SECTORES PERTENECIENTES AL🔥🔥🔥 CIRCUITO EBRI11🔥🔥🔥 EN SANTO DOMINGO ESTE. NOS SENTIMOS IMPOTENTES Y CANSADOS ANTE ESTE INSOPORTABLE PROBLEMA DE LA LUZ. 🔥🔥🔥🔥🔥🔥🔥🔥🔥🔥🔥⚠️🚨
👉LUNES 22/06/2026: 🔥⚠️
🚨1-APAGÓN: 15:40:44
🚨2-APAGÓN: 21:07:31
👉MARTES 23/06/2026: 🔥⚠️
🚨1-APAGÓN: 17:26:22
👉MIÉRCOLES 24/06/2026: 🔥⚠️
🚨1-APAGÓN: 19:47:10
👉JUEVES 25/06/2026: 🔥⚠️
🚨1-APAGÓN: 02:56:19
🚨2-APAGÓN: 03:18:34
🚨3-APAGÓN: 04:51:07
👉VIERNES 26/06/2026: 🔥⚠️
🚨1-APAGÓN: 15:06:00
🚨2-APAGÓN: 20:10:10
🚨3-APAGÓN: 21:08:58
🚨4-APAGÓN: 21:22:45
🚨5-APAGÓN: 22:16:56
🚨6-APAGÓN: 23:16:46
@edeeste.rd @siegobrd @energiayminasrd @joel.santosechavarria @presidenciard @luisabinader @raquelpenavice @vicerdo @jose_paliza @minpresidenciard ⚠️🚨",las tandas de apagones que hemos sufrido miles de familias en esta semana forman parte de las 75 interrupciones de la energía eléctrica que hemos padecido en los sectores pertenecientes al circuito ebri11 en santo domingo este. nos sentimos impotentes y cansados ante este insoportable problema de la luz. lunes 22062026: 1-apagón: 15:40:44 2-apagón: 21:07:31 martes 23062026: 1-apagón: 17:26:22 miércoles 24062026: 1-apagón: 19:47:10 jueves 25062026: 1-apagón: 02:56:19 2-apagón: 03:18:34 3-apagón: 04:51:07 viernes 26062026: 1-apagón: 15:06:00 2-apagón: 20:10:10 3-apagón: 21:08:58 4-apagón: 21:22:45 5-apagón: 22:16:56 6-apagón: 23:16:46 .rd .santosechavarria,es,NEG,0.0049,0.0,0.9951,True,False
cb39201b8276e6fff35e52dcaa042ff68cdd1eff,2026-06-27T20:42:09.694807+00:00,https://www.instagram.com/p/DaELSOBRU1Q/,edeeste.rd,instagram,EDEESTE,"Coño!! ¿Cual es el problema que ocurre con la energía eléctrica en Andrés boca chica, Boca02? Todos los días la misma mierda. La ineficiencia estúpida de su servicio eléctrico. @edeeste.rd por favor!","coño!! cual es el problema que ocurre con la energía eléctrica en andrés boca chica, boca02? todos los días la misma mierda. la ineficiencia estúpida de su servicio eléctrico. .rd por favor!",es,NEG,0.0095,0.0,0.9905,True,False
ad09c2c2d72020099e0caa4dadfb668aecaadc8c,2026-06-27T20:42:09.694807+00:00,https://www.instagram.com/p/DaELSOBRU1Q/,edeeste.rd,instagram,EDEESTE,Vamos hacerle un lio,vamos hacerle un lio,es,NEU,0.1744,0.7139,0.1117,False,False
7fc6fe210113313e10eb222e3619385c19463af4,2026-06-27T20:42:09.694807+00:00,https://www.instagram.com/p/DZqkcT0Nn40/,edeeste.rd,instagram,EDEESTE,reporte No. 170712  wao @edeeste.rd  pero de verdad vamos a tener que pagarle 7000 denuvo a un camión para que arreglen la luz para su ir un cutao que mágicamente baja cada semana para que le paguemos 7000 a los canastos de @edeeste.rd para que lo suban para que a la 12 de la noche lleguen diciendo que vienen a  arreglar para hacer el ayante y decir que resovieron ese reporte abusasores,reporte no. 170712 wao .rd pero de verdad vamos a tener que pagarle 700 denuvo a un camión para que arreglen la luz para su ir un cutao que mágicamente baja cada semana para que le paguemos 700 a los canastos de .rd para que lo suban para que a la 12 de la noche lleguen diciendo que vienen a arreglar para hacer el ayante y decir que resovieron ese reporte abusasores,es,NEG,0.0029,0.0308,0.9663,False,False
c8e81b5149d317b278011f1e770922b148482ced,2026-06-27T20:42:09.694807+00:00,https://www.instagram.com/p/DZqkcT0Nn40/,edeeste.rd,instagram,EDEESTE,Nuevamente sin luz la misma vaina se bajó el cueto cuando no es un mantenimiento del día entero es que después del mantenimiento se daña un transformador cuando no es eso es que se baja el cueto ese y hay que darle 7k a una brigada a las 11 pm para que le suban el cueto de nuevo excelente servicio de M ese ahora solo esperar a que la brigada aparezca cobrándole 7k a uno de Nuevo para subirlo porque al final es un negocio es #de reporte :170712  y cuando chequeas te dice que no hay incidencias y uno sin luz @edeeste.rd,nuevamente sin luz la misma vaina se bajó el cueto cuando no es un mantenimiento del día entero es que después del mantenimiento se daña un transformador cuando no es eso es que se baja el cueto ese y hay que darle 7k a una brigada a las 11 pm para que le suban el cueto de nuevo excelente servicio de m ese ahora solo esperar a que la brigada aparezca cobrándole 7k a uno de nuevo para subirlo porque al final es un negocio es reporte :170712 y cuando chequeas te dice que no hay incidencias y uno sin luz .rd,es,NEG,0.0061,0.0,0.9939,True,False
17967ef96eb6b34efc58f2b109ee367171d8cbb3,2026-06-27T20:42:09.694807+00:00,https://www.instagram.com/p/DZqkcT0Nn40/,edeeste.rd,instagram,EDEESTE,"Nueva vez, urbanización Maximo Gómez, Calle Lorenzo Despradel sin luz por más de 33 horas sin luz..!! Y no resuelven..!! @luisabinader @rcavada @somospueblord @vamosadivertirnos las brigadas arreglan los cables con chicle será… y mientras tanto la comida se daña, todo se daña..!!! Quien nos regresa eso..!!! Ya esta bueno de su abuso..!!! 4mil pesos de luz 💡 en una zona que vive dañada la luz, y toda esa gente en la calle trabajando para llega a casa a encontrar todo dañado..!!! A donde es que tiene que ir uno para que dejen el abuso que tienen con uno..!!!","nueva vez, urbanización maximo gómez, calle lorenzo despradel sin luz por más de 33 horas sin luz..!! y no resuelven..!! las brigadas arreglan los cables con chicle será y mientras tanto la comida se daña, todo se daña..!! quien nos regresa eso..!! ya esta bueno de su abuso..!! 4mil pesos de luz en una zona que vive dañada la luz, y toda esa gente en la calle trabajando para llega a casa a encontrar todo dañado..!! a donde es que tiene que ir uno para que dejen el abuso que tienen con uno..!!",es,NEG,0.0067,0.0,0.9933,True,False
3f3a4af7606107ae3065e60d4f1c99ec587206de,2026-06-27T20:42:09.694807+00:00,https://www.instagram.com/p/DZqkcT0Nn40/,edeeste.rd,instagram,EDEESTE,urbanización colinas del viento en la Jacobo majluta sin luz hace ya casi tres horas @edeeste.rd @luisabinader hasta cuándo dios mios solo diez casas afectadas a el calorn insoportable,urbanización colinas del viento en la jacobo majluta sin luz hace ya casi tres horas .rd hasta cuándo dios mios solo diez casas afectadas a el calorn insoportable,es,NEG,0.0048,0.0,0.9952,True,False
18a2edc7964ba90215ea1ad98b177661b86f2804,2026-06-27T20:42:09.694807+00:00,https://www.instagram.com/p/DZqkcT0Nn40/,edeeste.rd,instagram,EDEESTE,"Todos los días un mantenimiento para nada porque no solucionan na, no ombe, uno paga para no tener luz, que maldita vaina","todos los días un mantenimiento para nada porque no solucionan na, no ombe, uno paga para no tener luz, que maldita vaina",es,NEG,0.0054,0.0,0.9946,True,False
e3baace8deba6418da5f8493de152b4c69a61c07,2026-06-27T20:42:09.694807+00:00,https://www.instagram.com/p/DZqkcT0Nn40/,edeeste.rd,instagram,EDEESTE,"la luz en san isidro por favor me tienen cansada esto es todos los días, uno no aguanta esto","la luz en san isidro por favor me tienen cansada esto es todos los días, uno no aguanta esto",es,NEG,0.0046,0.0255,0.9699,False,False
9a92c63d0379db1c00afd528bc5dfee9c31fd2d4,2026-06-27T20:42:09.694807+00:00,https://www.instagram.com/p/DZqkcT0Nn40/,edeeste.rd,instagram,EDEESTE,"Mientras ustedes creen que están haciendo algo con las manos lo desbaratan con los pies, abus4dores , uno ya ni dormir puede con los apagones, no puede uno ver ni siquiera televisión o usar el celular porque él va y ven no deja que carguen. Una sosobra es lo que uno vive con ustedes","mientras ustedes creen que están haciendo algo con las manos lo desbaratan con los pies, abus4dores , uno ya ni dormir puede con los apagones, no puede uno ver ni siquiera televisión o usar el celular porque él va y ven no deja que carguen. una sosobra es lo que uno vive con ustedes",es,NEG,0.003,0.0,0.997,True,False
dc5f80a230bbf40057d098350692a78715a27ece,2026-06-27T20:42:09.694807+00:00,https://www.instagram.com/p/DZqkcT0Nn40/,edeeste.rd,instagram,EDEESTE,"Que es lo que uno está pagando con esta luz? Otra vez se la llevan antes de las 9:00 pm para mandarla Dios sabe cuando pero los días de pagarla ahí aparece la factura hasta con cargos de más, que maldito mantenimiento es que están dando que todos los días hay un apagón de más 8 horas? Tamo jartooooo ya","que es lo que uno está pagando con esta luz? otra vez se la llevan antes de las 9:00 pm para mandarla dios sabe cuando pero los días de pagarla ahí aparece la factura hasta con cargos de más, que maldito mantenimiento es que están dando que todos los días hay un apagón de más 8 horas? tamo jartoo ya",es,NEG,0.0035,0.0,0.9965,True,False
e94e0fb5a8224a599bd6577a75a7e48e43712118,2026-06-27T20:42:09.694807+00:00,https://www.instagram.com/p/DZtChc7xLrE/,edeeste.rd,instagram,EDEESTE,🖕🏼🖕🏼🖕🏼🖕🏼🖕🏼🖕🏼🖕🏼🖕🏼🖕🏼🖕🏼🖕🏼🖕🏼🖕🏼🖕🏼🖕🏼🖕🏼🖕🏼🖕🏼🖕🏼🖕🏼🖕🏼🖕🏼🖕🏼🖕🏼🖕🏼🖕🏼🖕🏼🖕🏼🖕🏼🖕🏼🖕🏼🖕🏼🖕🏼🖕🏼🖕🏼🖕🏼,,unknown,,,,,False,True
b925fe5220681d55a0f21d7846cb16c8d93968ee,2026-06-27T20:42:09.694807+00:00,https://www.instagram.com/p/DZtChc7xLrE/,edeeste.rd,instagram,EDEESTE,Malditas madres a todos en @edeeste.rd,malditas madres a todos en .rd,es,NEG,0.0145,0.0,0.9855,True,False
ae6c3793c00fb18e18d62003ab1627cd1aa7208c,2026-06-27T20:42:09.694807+00:00,https://www.instagram.com/p/DZtChc7xLrE/,edeeste.rd,instagram,EDEESTE,Cuál Higüey si en Higüey lo único que no hay nunca es luz @edeeste.rd,cuál higüey si en higüey lo único que no hay nunca es luz .rd,es,NEG,0.0057,0.0751,0.9192,False,False
6a1c871e44bbd1f1751a0e0f862e816bd4549dc2,2026-06-27T20:42:09.694807+00:00,https://www.instagram.com/p/DZtChc7xLrE/,edeeste.rd,instagram,EDEESTE,🤣💩,,unknown,,,,,False,True
1153650f592839a7d96bd50de4cf63360806db96,2026-06-27T20:42:09.694807+00:00,https://www.instagram.com/p/DZtChc7xLrE/,edeeste.rd,instagram,EDEESTE,¿Para cuando las Américas que tiene muchas partes oscuras? 🫠,para cuando las américas que tiene muchas partes oscuras?,es,NEG,0.0071,0.0882,0.9047,False,False
8a729dfd33a2a90d8204f5348fa7c113bc4c4e90,2026-06-27T20:42:09.694807+00:00,https://www.instagram.com/p/DZtChc7xLrE/,edeeste.rd,instagram,EDEESTE,Pónganle 20 millones más edeeste😂😂😂,pónganle 20 millones más edeeste,es,NEU,0.1109,0.4756,0.4136,True,False
66f01b231cdfccc97a18c08908f3ebd9817e4b29,2026-06-27T20:42:09.694807+00:00,https://www.instagram.com/p/DZtChc7xLrE/,edeeste.rd,instagram,EDEESTE,Pero en el país entero no hay luzzzz,pero en el país entero no hay luzz,es,NEG,0.0077,0.0,0.9923,True,False
b28c1f29db6f68db5ed4e56a9690e0aa135bba5d,2026-06-27T20:42:09.694807+00:00,https://www.instagram.com/p/DZtChc7xLrE/,edeeste.rd,instagram,EDEESTE,Nada más falta que llegue la luz,nada más falta que llegue la luz,es,NEG,0.0783,0.2437,0.678,False,False
4748053aafa021644456af558e1bd225d62bc2a8,2026-06-27T20:42:09.694807+00:00,https://www.instagram.com/p/DZtChc7xLrE/,edeeste.rd,instagram,EDEESTE,"A mi me encantaría saber cuantos viernes necesita edeste del sector invidorex, Santo Domingo Este, desde las 9am, hasta 5pm, para terminar de resolver las ""averías y los mantenimientos"", viernes, tras viernes, tras viernes, eso sin mencionar los dias no programados y los si programados, los apagones de noche, de esos que la luz sale y entra para dañar los electrodomésticos, mas o menos creen que este viernes, que ningun negocio aguanta eso, se terminen los mantenimientos aunque sea por un mes? @luisabinader @edeeste.rd","a mi me encantaría saber cuantos viernes necesita edeste del sector invidorex, santo domingo este, desde las 9am, hasta 5pm, para terminar de resolver las ""averías y los mantenimientos"", viernes, tras viernes, tras viernes, eso sin mencionar los dias no programados y los si programados, los apagones de noche, de esos que la luz sale y entra para dañar los electrodomésticos, mas o menos creen que este viernes, que ningun negocio aguanta eso, se terminen los mantenimientos aunque sea por un mes? .rd",es,NEG,0.0067,0.0,0.9933,True,False
a54992bf28cfeb7392605b3b888e1b4ddad8b94e,2026-06-27T20:42:09.694807+00:00,https://www.instagram.com/p/DZtChc7xLrE/,edeeste.rd,instagram,EDEESTE,Que es lo que vamos hacer con edeste aquí en boca chica los coquito 😡,que es lo que vamos hacer con edeste aquí en boca chica los coquito,es,NEU,0.0185,0.6024,0.3791,False,False
874448b3829d9a5201bcb4a00f9ffa6c3e3c7c96,2026-06-27T20:42:09.694807+00:00,https://www.instagram.com/p/DZ-H4Y1x_ks/,edeeste.rd,instagram,EDEESTE,@edeeste.rd por favor manden a arreglar esta energía ya son más de 12 horas y muchas familias sin energía,.rd por favor manden a arreglar esta energía ya son más de 12 horas y muchas familias sin energía,es,NEG,0.0099,0.0809,0.9092,False,False
76a25373e93b50938522468de202de9da23ebc30,2026-06-27T20:42:09.694807+00:00,https://www.instagram.com/p/DZ-H4Y1x_ks/,edeeste.rd,instagram,EDEESTE,Alma rosa primera sin luz desde las 4 :00am!!!,alma rosa primera sin luz desde las 4 :00am!!,es,NEG,0.0697,0.386,0.5443,True,False
8f526fdcc68e217fcf675864bf456f345dafd799,2026-06-27T20:42:09.694807+00:00,https://www.instagram.com/p/DZ-H4Y1x_ks/,edeeste.rd,instagram,EDEESTE,El video en sus primeros 5 segundos les da las clave a los usuarios... poner paneles solares ❤️ y adios edes 😂,el video en sus primeros 5 segundos les da las clave a los usuarios.. poner paneles solares y adios edes,es,NEU,0.098,0.6901,0.2119,False,False
78848d1ec984b19fb1275121b0e5088a4d473fad,2026-06-27T20:42:09.694807+00:00,https://www.instagram.com/p/DZ-H4Y1x_ks/,edeeste.rd,instagram,EDEESTE,"Ya se fue la judía luz otra vez, todas las noches se va la luz a la misma hora y esta gente EDESTE  no sabe que eso esta pasando, sabrá dios que diabluras estarán haciendo por aqui y es jarro que estamos de lo mismo todas la noche, yo espero que el dia que no la.pague no venga juyendo a cortarla por que  eso son cinta negra","ya se fue la judía luz otra vez, todas las noches se va la luz a la misma hora y esta gente edeste no sabe que eso esta pasando, sabrá dios que diabluras estarán haciendo por aqui y es jarro que estamos de lo mismo todas la noche, yo espero que el dia que no la.pague no venga juyendo a cortarla por que eso son cinta negra",es,NEG,0.0033,0.0233,0.9734,False,False
b7566f67ff377134a143be15b418b275a03767c1,2026-06-27T20:42:09.694807+00:00,https://www.instagram.com/p/DZ-H4Y1x_ks/,edeeste.rd,instagram,EDEESTE,Isiseron una mierda en san pedro cambiaron todos los circuitos y nos pusieron en circuitos que no pagan aki en naime se paga la luz mas cara y haora no haya pero nada gracias a dios se van en el 28,isiseron una mierda en san pedro cambiaron todos los circuitos y nos pusieron en circuitos que no pagan aki en naime se paga la luz mas cara y haora no haya pero nada gracias a dios se van en el 28,es,NEG,0.1387,0.0,0.8613,True,False
bc4a2357efc98fb6f509cfd1b8d3a15f0bd37248,2026-06-27T20:42:09.694807+00:00,https://www.instagram.com/p/DZ-H4Y1x_ks/,edeeste.rd,instagram,EDEESTE,"@edeeste comprometidos con hacerles la vida imposible a los usuarios de esta distribuidora,la peor de todas,ninguna funciona pero ustedes le llevan la delantera en incompetencia,rl reporte 171304 para cuando?👹👹👹🤬🤬🤬🤬👿👺🥵😡😡😡","comprometidos con hacerles la vida imposible a los usuarios de esta distribuidora,la peor de todas,ninguna funciona pero ustedes le llevan la delantera en incompetencia,rl reporte 171304 para cuando?",es,NEG,0.0037,0.0269,0.9694,False,False
1208b1fecccfb4447511133410b5cf6cf8a0a4a6,2026-06-27T20:42:09.694807+00:00,https://www.instagram.com/p/DaBXiIxt_HY/,edeeste.rd,instagram,EDEESTE,"Yo quisiera saber cuál es el abuso de ustedes de llevarse la luz a diferentes horas del día, tanto de día como de madrugada. Hay gente que trabaja, que tiene cosas que hacer al otro día y que, incluso, en el mismo día no puede seguir haciendo los quehaceres y las cosas de la casa porque ustedes deciden llevarse la luz a la hora que les da su maldita gana.

Y hablo de aquí, de Barrio Enriquillo y la urbanización Hazim, en San Pedro de Macorís. Abusadores que ustedes son. Demasiado abuso. Literalmente, esto parece un jodío arbolito.

Y la luz llegando cada día más cara, y ni siquiera sirve. Eso es algo increíble para un sector que supuestamente es comercial. ¡Abusadores!

Y supuestamente dicen que están en mantenimiento. ¿Qué mantenimiento es ese? A las 2, a las 3, a las 4, a las 5 de la tarde o a la 1 de la mañana. ¿Qué mantenimiento es ese? ¿Cuál es la maldita locura de ustedes?

¡ABUSADORES!","yo quisiera saber cuál es el abuso de ustedes de llevarse la luz a diferentes horas del día, tanto de día como de madrugada. hay gente que trabaja, que tiene cosas que hacer al otro día y que, incluso, en el mismo día no puede seguir haciendo los quehaceres y las cosas de la casa porque ustedes deciden llevarse la luz a la hora que les da su maldita gana. y hablo de aquí, de barrio enriquillo y la urbanización hazim, en san pedro de macorís. abusadores que ustedes son. demasiado abuso. literalmente, esto parece un jodío arbolito. y la luz llegando cada día más cara, y ni siquiera sirve. eso es algo increíble para un sector que supuestamente es comercial. abusadores! y supuestamente dicen que están en mantenimiento. qué mantenimiento es ese? a las 2, a las 3, a las 4, a las 5 de la tarde o a la 1 de la mañana. qué mantenimiento es ese? cuál es la maldita locura de ustedes? abusadores!",es,NEG,0.0031,0.0,0.9969,True,False
69e0348091e10616115a88d3de9de3ce49686799,2026-06-27T20:42:09.694807+00:00,https://www.instagram.com/p/DaBXiIxt_HY/,edeeste.rd,instagram,EDEESTE,"Favor devolver la luz ya en la Costa Rica 193 Alma Rosa 2, el residencial doña Fior tiene más de 12 horas sin energía, más de 21 familias  @edeeste.rd","favor devolver la luz ya en la costa rica 193 alma rosa 2, el residencial doña fior tiene más de 12 horas sin energía, más de 21 familias .rd",es,NEG,0.0139,0.1429,0.8432,False,False
2fd03d29191ba87c388cdb91587bb5ebe8ca3d88,2026-06-27T20:42:09.694807+00:00,https://www.instagram.com/p/DaBXiIxt_HY/,edeeste.rd,instagram,EDEESTE,"@edeeste.rd escucha? Sí claro! edeeste.rd para cuando van a venir a hacer el reporte de más de 12 horas sin servicio de más de 21 familias sin luz en la Costa Rica 193 en Alma Rosa 2, son unos abusadores y la luz carísima y vive dañándose",".rd escucha? sí claro! edeeste.rd para cuando van a venir a hacer el reporte de más de 12 horas sin servicio de más de 21 familias sin luz en la costa rica 193 en alma rosa 2, son unos abusadores y la luz carísima y vive dañándose",es,NEG,0.0045,0.0,0.9955,True,False
391a3486b12d21ceadb28eb95420ab465dc55b39,2026-06-27T20:42:09.694807+00:00,https://www.instagram.com/p/DaBXiIxt_HY/,edeeste.rd,instagram,EDEESTE,@edeeste.rd LA LUZ DE LA ISABELITA,.rd la luz de la isabelita,ca,,,,,False,True
b376ab9424a680a613a0c548db66a919cfdc9b80,2026-06-27T20:42:09.694807+00:00,https://www.instagram.com/p/DaBXiIxt_HY/,edeeste.rd,instagram,EDEESTE,"Muy harta! 72 hora sin luz, jaaaarta de llamar, hacer reporte, la benditas brigadas atrás del mismo edificio porque no les da la gana resolver, pero si cobrar, harta estoy!! Muy harta… y mis alimentos ? Quien me lo repone ?","muy harta! 72 hora sin luz, jaarta de llamar, hacer reporte, la benditas brigadas atrás del mismo edificio porque no les da la gana resolver, pero si cobrar, harta estoy!! muy harta y mis alimentos ? quien me lo repone ?",es,NEG,0.0036,0.0,0.9964,True,False
82e7ad4d62b60c56d5761ea2b76a2f34f4dc6212,2026-06-27T20:42:09.694807+00:00,https://www.instagram.com/p/DaBXiIxt_HY/,edeeste.rd,instagram,EDEESTE,fuck you,fuck you,tr,,,,,False,True
c968d8f9751e66a581664df47b25c19a8f404994,2026-06-27T20:42:09.694807+00:00,https://www.instagram.com/p/DaBXiIxt_HY/,edeeste.rd,instagram,EDEESTE,Imbéciles incompetentes,imbéciles incompetentes,pt,,,,,False,True
340290f034cb18e70cf991aeddbf3e89d95faae3,2026-06-27T20:42:09.694807+00:00,https://www.instagram.com/p/DaBXiIxt_HY/,edeeste.rd,instagram,EDEESTE,Desde la 9:00 am sin luz por la calle solo pasan brigadas y nada,desde la 9:00 am sin luz por la calle solo pasan brigadas y nada,es,NEG,0.0105,0.0,0.9895,True,False
0e15c1a228a0298dec3abf1a24ac2460c3515d32,2026-06-27T20:42:09.694807+00:00,https://www.instagram.com/p/DaBXiIxt_HY/,edeeste.rd,instagram,EDEESTE,Es increíble como se duro la noche entera sin luz & es la hora que aún no ha pasado una brigada en Cancino! Más de 24hrs sin luz y las facturas CARÍSIMAS!!,es increíble como se duro la noche entera sin luz es la hora que aún no ha pasado una brigada en cancino! más de 24hrs sin luz y las facturas carísimas!!,es,NEG,0.005,0.0,0.995,True,False
13a2da1d98edb74e508abc95736033d1368c5704,2026-06-27T20:42:09.694807+00:00,https://www.instagram.com/p/DaBXiIxt_HY/,edeeste.rd,instagram,EDEESTE,En las palmas de Alma Rosa 4 días sin luz (varias casas) no han venido nadie. HASTA CUÁNDO HAY QUE ESPERAR. ESTAMOS HARTO,en las palmas de alma rosa 4 días sin luz varias casas no han venido nadie. hasta cuándo hay que esperar. estamos harto,es,NEG,0.0053,0.0,0.9947,True,False
42018c5ce8bc9828e0fff6a146680fa1d9f968be,2026-06-27T20:42:09.694807+00:00,https://www.instagram.com/p/DaBXiIxt_HY/,edeeste.rd,instagram,EDEESTE,LAS PALMAS DE ALMA ROSA: REPORTE : 171576 ABUSADORES. VARIOS DÍAS SIN LUZ. INRRESPONSABLE,las palmas de alma rosa: reporte : 171576 abusadores. varios días sin luz. inrresponsable,es,NEG,0.0111,0.0,0.9889,True,False
46c4d3d6179de6b71de7de9fca5033ecd202f3a9,2026-06-27T20:42:09.694807+00:00,https://www.instagram.com/p/DZqkcT0Nn40/,edeeste.rd,instagram,EDEESTE,"Es necesario llevarse la luz todos los días aquí en san Pedro? Ya no se conforman con llevársela en la noche, ahora también en el día. El día entero sin luz y la noche también 🙂","es necesario llevarse la luz todos los días aquí en san pedro? ya no se conforman con llevársela en la noche, ahora también en el día. el día entero sin luz y la noche también",es,NEG,0.0032,0.0,0.9968,True,False
b9ed5ca7a0d312c6fb565dea8c04163b6d7e9bb9,2026-06-27T20:42:09.694807+00:00,https://www.instagram.com/p/DZqkcT0Nn40/,edeeste.rd,instagram,EDEESTE,"Es un abuso lo que están cometiendo todas las noches en Villa Elisa (Brisa del Este) con la luz, 6 y 7 horas sin electricidad todas las noches en el momento de uno estar en su casa y descansar. Que bárbaros @edeeste.rd","es un abuso lo que están cometiendo todas las noches en villa elisa brisa del este con la luz, 6 y 7 horas sin electricidad todas las noches en el momento de uno estar en su casa y descansar. que bárbaros .rd",es,NEG,0.0043,0.0,0.9957,True,False
47eaa0aa20e9f958725a25465e7eaf01dacfd08a,2026-06-27T20:42:09.694807+00:00,https://www.instagram.com/p/DaGO1_fEXTz/,edeeste.rd,instagram,EDEESTE,Sin luz desde ayer ayer la mandan está mañana y se ha pasado como un arbolito de navidad entonces está noche se prende las Américas en nuestras casa no habrá energía pero la presión la cogerán otros,sin luz desde ayer ayer la mandan está mañana y se ha pasado como un arbolito de navidad entonces está noche se prende las américas en nuestras casa no habrá energía pero la presión la cogerán otros,es,NEG,0.0152,0.1423,0.8425,True,False
33e691e0e36389675f5df5ca47eb3012d1a456a0,2026-06-27T20:42:09.694807+00:00,https://www.instagram.com/p/DaGO1_fEXTz/,edeeste.rd,instagram,EDEESTE,Depende dar tantos apagones eso es todos.los.dias la quitan  uno pagando un servicio para no tener un relajo alma rosa 2,depende dar tantos apagones eso es todos.los.dias la quitan uno pagando un servicio para no tener un relajo alma rosa 2,es,NEG,0.0061,0.0,0.9939,True,False
db913e0b2393302423afe4a433b81ef31a8499bc,2026-06-27T20:42:09.694807+00:00,https://www.instagram.com/p/DaGO1_fEXTz/,edeeste.rd,instagram,EDEESTE,"La misma mierda de todos los días, un maldito día de la semana no pasa sin una maldita avería de distribución, todos los días 2 y 4 horas de apagón","la misma mierda de todos los días, un maldito día de la semana no pasa sin una maldita avería de distribución, todos los días 2 y 4 horas de apagón",es,NEG,0.0046,0.0,0.9954,True,False
d7882f135a86a6f39bf7852d2c2b68b44af480f9,2026-06-27T20:42:09.694807+00:00,https://www.instagram.com/p/DaGO1_fEXTz/,edeeste.rd,instagram,EDEESTE,"Ustedes le cortan la luz si no se paga, pero si nosotros como clientes de ustedes no recibimos un servicio porque no podemos recibir una compensación en la factura? Lo peor de todo que no tenemos una entidad que nos respalde en esta selva de país que solo piensan en robar.","ustedes le cortan la luz si no se paga, pero si nosotros como clientes de ustedes no recibimos un servicio porque no podemos recibir una compensación en la factura? lo peor de todo que no tenemos una entidad que nos respalde en esta selva de país que solo piensan en robar.",es,NEG,0.0024,0.0148,0.9828,False,False
44f8345bac4dfd1ec5ffb522342be75db14ccc51,2026-06-27T20:42:09.694807+00:00,https://www.instagram.com/p/DaGO1_fEXTz/,edeeste.rd,instagram,EDEESTE,Cuando me la van a devolver,cuando me la van a devolver,es,NEG,0.0202,0.4117,0.5681,False,False
65c57764cf6a5397d183376498db4969912e4dcf,2026-06-27T20:42:09.694807+00:00,https://www.instagram.com/p/DaGO1_fEXTz/,edeeste.rd,instagram,EDEESTE,La maldita luz,la maldita luz,it,,,,,False,True
c35323b8685780cbca87ab8f15d9c63748a5e9ee,2026-06-27T20:42:09.694807+00:00,https://www.instagram.com/p/DaGO1_fEXTz/,edeeste.rd,instagram,EDEESTE,Diablo,diablo,unknown,,,,,False,True
011af2dee56fc4aae5555a365f041c5c8f85c6ed,2026-06-27T20:42:09.694807+00:00,https://www.instagram.com/p/DaGO1_fEXTz/,edeeste.rd,instagram,EDEESTE,Coño,coño,unknown,,,,,False,True
e5ac33c1210f781b6a4707889fb6e0253d4202bb,2026-06-27T20:42:09.694807+00:00,https://www.instagram.com/p/DaGO1_fEXTz/,edeeste.rd,instagram,EDEESTE,La luz de la Ureña 😢😢 Dios mío desde ayer,la luz de la ureña dios mío desde ayer,es,NEG,0.0094,0.1176,0.873,False,False
02b3e12805243bee6796676f275b64ad7294e848,2026-06-27T20:42:09.694807+00:00,https://www.instagram.com/p/DaGO1_fEXTz/,edeeste.rd,instagram,EDEESTE,Y eso que el señor Marranzini dice que no hay apagones en este país... Yo quiero saber dónde es que el vive...,y eso que el señor marranzini dice que no hay apagones en este país.. yo quiero saber dónde es que el vive..,es,NEG,0.0105,0.0561,0.9334,True,False
98fa86e269c175e43cb612e1ea37c841bbdf566e,2026-06-27T20:42:09.694807+00:00,https://www.instagram.com/p/DaGO1_fEXTz/,edeeste.rd,instagram,EDEESTE,Entonces que 24h mas sin luz en La Ureña?,entonces que 24h mas sin luz en la ureña?,es,NEG,0.0269,0.2813,0.6918,True,False
75cbf1f9fd47743ee19f1be04d5518db4437392a,2026-06-27T20:42:09.694807+00:00,https://www.instagram.com/p/DaGO1_fEXTz/,edeeste.rd,instagram,EDEESTE,"Pude verificar que el circuito EBRI11 asociado a tu suministro se encuentra fuera de servicio desde el 27/06/2026 14:01:34, por Una Averia de Distribucion. Aún no te puedo indicar la hora de restablecimiento, sin embargo, para nosotros es muy importante que tengas servicio de electricidad y cualquier fallo que esté presentando tu circuito será atendido  por nuestro equipo técnico. ⚡Es grave el problema energético en nuestros país. Nuevamente el circuito Brisal 11 sin energía eléctrica tras pasar 14 horas sin el servicioeléctrico. @edeeste.rd @siegobrd @energiayminasrd @eted_rd_ @joel.santosechavarria @luisabinader @presidenciard @minpresidenciard @raquelpenavice @vicerdo @jose_paliza @minpresidenciard ⚠️🚨","pude verificar que el circuito ebri11 asociado a tu suministro se encuentra fuera de servicio desde el 27062026 14:01:34, por una averia de distribucion. aún no te puedo indicar la hora de restablecimiento, sin embargo, para nosotros es muy importante que tengas servicio de electricidad y cualquier fallo que esté presentando tu circuito será atendido por nuestro equipo técnico. es grave el problema energético en nuestros país. nuevamente el circuito brisal 11 sin energía eléctrica tras pasar 14 horas sin el servicioeléctrico. .rd .santosechavarria",es,NEG,0.0081,0.1122,0.8797,False,False
b18fbddb99a169273ae548f927d1f82c1ecc2a2c,2026-06-27T20:42:09.694807+00:00,https://www.instagram.com/p/DaGO1_fEXTz/,edeeste.rd,instagram,EDEESTE,Continúa la tanda hoy en el residencial las Américas? La noche entera sin dormir y la maldita luz como un arbolito,continúa la tanda hoy en el residencial las américas? la noche entera sin dormir y la maldita luz como un arbolito,es,NEG,0.0038,0.0,0.9962,True,False
f726587ab0977915471c3b5d59f917bc0d60c58e,2026-06-27T20:42:09.694807+00:00,https://www.instagram.com/p/DaGO1_fEXTz/,edeeste.rd,instagram,EDEESTE,Volvió a sobrecargarse el consumo 🫠 déjenme lavar,volvió a sobrecargarse el consumo déjenme lavar,es,NEG,0.0054,0.0764,0.9182,False,False
17cbfa214629e545737c249813e068fc3fee88d7,2026-06-27T20:42:09.694807+00:00,https://www.instagram.com/p/DaGO1_fEXTz/,edeeste.rd,instagram,EDEESTE,"@edeeste.rd pero su maldita mai  coño amanecimos sin luz llega a las 10:30 de la mañana desde ayer las 7 p.m, mas 20 va y ven que hachepa no tengo nada dañado y ya se la llevan la jodia luz",".rd pero su maldita mai coño amanecimos sin luz llega a las 10:30 de la mañana desde ayer las 7 p.m, mas 20 va y ven que hachepa no tengo nada dañado y ya se la llevan la jodia luz",es,NEG,0.008,0.0,0.992,True,False
bf779197826b74122eb38b1832c7fa201ff44f16,2026-06-27T20:42:09.694807+00:00,https://www.instagram.com/p/DZ-H4Y1x_ks/,edeeste.rd,instagram,EDEESTE,Tenemos ya una semana sin energía eléctrica en el sector vista alegre 2 la Caleta y esta es la hora que no tenemos luz,tenemos ya una semana sin energía eléctrica en el sector vista alegre 2 la caleta y esta es la hora que no tenemos luz,es,NEG,0.0063,0.0469,0.9468,False,False
f43a085f9f2f0fa15c30dcd6742387a5529e465c,2026-06-27T20:42:09.694807+00:00,https://www.instagram.com/p/DZ-H4Y1x_ks/,edeeste.rd,instagram,EDEESTE,"Ya tienen a uno HARTO es todo que se le va a quemar a uno en la casa, de día se llevan la maldita luz y de noche también coño, y todos los días llegando más cara la luz, ES JARTOOOO QUE ESTAMOS","ya tienen a uno harto es todo que se le va a quemar a uno en la casa, de día se llevan la maldita luz y de noche también coño, y todos los días llegando más cara la luz, es jartoo que estamos",es,NEG,0.0052,0.0,0.9948,True,False
01565b56efcab328cefefb721d1301cac8e4e76b,2026-06-27T20:42:09.694807+00:00,https://www.instagram.com/p/DXcwP-fE50S/,coraabord,instagram,CORAABO,NAUTICON,nauticon,unknown,,,,,False,True
7ce2292f578a222f16a9bc052e305bf5b00ee914,2026-06-27T20:42:09.694807+00:00,https://www.instagram.com/p/DXcwP-fE50S/,coraabord,instagram,CORAABO,"En Valiente, no hay agua 💧. Para cuando?","en valiente, no hay agua . para cuando?",es,NEG,0.009,0.0,0.991,True,False
cce9110d53d26ca4d07d05d3b4fa12426860ed92,2026-06-27T20:42:09.694807+00:00,https://www.instagram.com/p/DXcwP-fE50S/,coraabord,instagram,CORAABO,"Coraabo por favor las personas que están haciendo aceras y contenes en la entrada de brisa de caucedo debajo del peatonal nos dañaron la tubería antes de semana santa y Dizque lo corrigieron pero el agua más nunca a vuelto, hace el intento pero no llega, estamos desesperados sin agua ni hay vida por el amor de Dios la comunidad está desesperada al punto de hacer huelga, ya no tenemos más dinero para comprar camiones y me canse de solicitar para que ustedes nos manden tanque y me dicen que los camiones están en mantenimiento, por favor señores","coraabo por favor las personas que están haciendo aceras y contenes en la entrada de brisa de caucedo debajo del peatonal nos dañaron la tubería antes de semana santa y dizque lo corrigieron pero el agua más nunca a vuelto, hace el intento pero no llega, estamos desesperados sin agua ni hay vida por el amor de dios la comunidad está desesperada al punto de hacer huelga, ya no tenemos más dinero para comprar camiones y me canse de solicitar para que ustedes nos manden tanque y me dicen que los camiones están en mantenimiento, por favor señores",es,NEG,0.0033,0.0,0.9967,True,False
cb995d64c3dbde8354b2a90bea9d6cc8e81d99b6,2026-06-27T20:42:09.694807+00:00,https://www.instagram.com/p/DXcwP-fE50S/,coraabord,instagram,CORAABO,👏👏👏👏😢😢❤❤,,unknown,,,,,False,True
a43a7e49574dbc89225f13ea33190a44c8668c1c,2026-06-27T20:42:09.694807+00:00,https://www.instagram.com/p/DXcwP-fE50S/,coraabord,instagram,CORAABO,@coraabord En valiente no ha llegado el agua hay alguna avería ??,en valiente no ha llegado el agua hay alguna avería ??,es,NEG,0.0227,0.1858,0.7915,True,False
d4a9b06066056598b93d7a162d0b177f6501ac6b,2026-06-27T20:42:09.694807+00:00,https://www.instagram.com/p/DXcwP-fE50S/,coraabord,instagram,CORAABO,Pero y dónde está el agua de brisa,pero y dónde está el agua de brisa,es,NEG,0.018,0.4123,0.5697,False,False
ddc427ae6a0c1234895c502354c4e88dc5df4e9e,2026-06-27T20:42:09.694807+00:00,https://www.instagram.com/p/DXcwP-fE50S/,coraabord,instagram,CORAABO,En altos de chavon ya va para dos meses  que no llega el agua🙄,en altos de chavon ya va para dos meses que no llega el agua,es,NEG,0.0158,0.0,0.9842,True,False
6c694a6f6251ae12df4227396e2c37f59ccc55c5,2026-06-27T20:42:09.694807+00:00,https://www.instagram.com/p/DXcwP-fE50S/,coraabord,instagram,CORAABO,"Realmente aquí se está improvisando mucho, el tema de acueducto en todo el municipio necesita inversión de verdad no amarres y curitas.","realmente aquí se está improvisando mucho, el tema de acueducto en todo el municipio necesita inversión de verdad no amarres y curitas.",es,NEG,0.0063,0.0524,0.9413,False,False
cb44b85f522b1d1926eb02bfdb9b0391db439ef0,2026-06-27T20:42:09.694807+00:00,https://www.instagram.com/p/DXcwP-fE50S/,coraabord,instagram,CORAABO,Pero donde será porque aquí no ha llegado se la bebió el?,pero donde será porque aquí no ha llegado se la bebió el?,es,NEU,0.0138,0.6332,0.353,False,False
f7fe172cee177ecb5f87e27b1643ab8af62b638c,2026-06-27T20:42:09.694807+00:00,https://www.instagram.com/p/DXcwP-fE50S/,coraabord,instagram,CORAABO,Y si la estás arreglada por k no llega asta aquí en la caleta ase un mes k no teníamos agua 🔥manden esa agua en la caleta 😍,y si la estás arreglada por k no llega asta aquí en la caleta ase un mes k no teníamos agua manden esa agua en la caleta,es,NEG,0.0053,0.0,0.9947,True,False
7a8855480dd8f9836d31b93e94eee8ea23f5d610,2026-06-27T20:42:09.694807+00:00,https://www.instagram.com/p/DXcwP-fE50S/,coraabord,instagram,CORAABO,Esa gestión no da ni un pasa para bien de la comunidad,esa gestión no da ni un pasa para bien de la comunidad,es,NEG,0.1387,0.0,0.8613,True,False
39e3ddc970f0a8a72c0c8b8964da65d2aab158f3,2026-06-27T20:42:09.694807+00:00,https://www.instagram.com/p/DXcwP-fE50S/,coraabord,instagram,CORAABO,Siempre hay una avería igual la pieza que nunca párese y tienen que mandarla a buscar a china,siempre hay una avería igual la pieza que nunca párese y tienen que mandarla a buscar a china,es,NEG,0.0028,0.0,0.9972,True,False
b7d827c2fec5378f7664dd34bfce569bfef6c833,2026-06-27T20:42:09.694807+00:00,https://www.instagram.com/p/DXcwP-fE50S/,coraabord,instagram,CORAABO,Mmbicho,mmbicho,unknown,,,,,False,True
c372ddcb57635c02a1d4a7ce73ade71ded3dcbeb,2026-06-27T20:42:09.694807+00:00,https://www.instagram.com/p/DXcwP-fE50S/,coraabord,instagram,CORAABO,1 mes sin agua mejor diga,1 mes sin agua mejor diga,id,,,,,False,True
3621898b99724bb4dc3ac423d6ac0a510b9535fb,2026-06-27T20:42:09.694807+00:00,https://www.instagram.com/p/DXVKxy7DDgq/?img_index=1,coraabord,instagram,CORAABO,En el toro de guerra tenemos mas de 10 Días sin agua estamos huérfanos ese era el cambio??,en el toro de guerra tenemos mas de 10 días sin agua estamos huérfanos ese era el cambio??,es,NEG,0.0043,0.0,0.9957,True,False
d516092ed6eccbd49d8f1d84125969dfabd9b1cb,2026-06-27T20:42:09.694807+00:00,https://www.instagram.com/p/DXVKxy7DDgq/?img_index=1,coraabord,instagram,CORAABO,En el toro de guerra para cuándo??,en el toro de guerra para cuándo??,es,NEU,0.0352,0.7332,0.2316,False,False
ef084377c30719419148ca086a29751f8ad9045b,2026-06-27T20:42:09.694807+00:00,https://www.instagram.com/p/DXVKxy7DDgq/?img_index=1,coraabord,instagram,CORAABO,"La misma 💩 de siempre con ustedes, no mandan el agua desde el 5 de Abril aquí en Urbanización Los Unidos Sector La Caleta se están pasando ya.","la misma de siempre con ustedes, no mandan el agua desde el 5 de abril aquí en urbanización los unidos sector la caleta se están pasando ya.",es,NEG,0.0085,0.0529,0.9386,False,False
92bd5d978b4c66df313972ac7c97e81de213f3fe,2026-06-27T20:42:09.694807+00:00,https://www.instagram.com/p/DXVKxy7DDgq/?img_index=1,coraabord,instagram,CORAABO,I el agua para cuando en Andrés Montes dentro estamos seco,i el agua para cuando en andrés montes dentro estamos seco,es,NEG,0.0052,0.0707,0.9241,False,False
6529192e63fbde45e8954c6c023b74b35f1c5aa4,2026-06-27T20:42:09.694807+00:00,https://www.instagram.com/p/DXVKxy7DDgq/?img_index=1,coraabord,instagram,CORAABO,Yo tengo casi 15 días sin agua,yo tengo casi 15 días sin agua,es,NEG,0.0224,0.2096,0.768,True,False
97d74835de8e0a37cb435954de0ab849a8c1e0e7,2026-06-27T20:42:09.694807+00:00,https://www.instagram.com/p/DXVKxy7DDgq/?img_index=1,coraabord,instagram,CORAABO,Ustedes tienen que mandar el agua tienen a la gente muy harta siempre con lo mismo,ustedes tienen que mandar el agua tienen a la gente muy harta siempre con lo mismo,es,NEG,0.0058,0.0285,0.9657,False,False
8a87736c9bbb5969c30700f16e8690ef2aa720ed,2026-06-27T20:42:09.694807+00:00,https://www.instagram.com/p/DXVKxy7DDgq/?img_index=1,coraabord,instagram,CORAABO,Excelente,excelente,unknown,,,,,False,True
f9cf21a53aff7deb76f2bb3eea8364e07d4b320e,2026-06-27T20:42:09.694807+00:00,https://www.instagram.com/p/DXVKxy7DDgq/?img_index=1,coraabord,instagram,CORAABO,Esta gente estan hablando mentiras en los tanquesitos nunca a pasado 🤦🏻‍♂️🤦🏻‍♂️,esta gente estan hablando mentiras en los tanquesitos nunca a pasado,es,NEG,0.0112,0.1613,0.8275,False,False
be40fd873bcbeed3a53d79e035949dcf78f29390,2026-06-27T20:42:09.694807+00:00,https://www.instagram.com/p/DXVKxy7DDgq/?img_index=1,coraabord,instagram,CORAABO,Pero el Pley grande y los chapalea lo borraron del mapa,pero el pley grande y los chapalea lo borraron del mapa,es,NEG,0.0087,0.1788,0.8125,False,False
b55b916679d6aa858e885cde044032a96fc763df,2026-06-27T20:42:09.694807+00:00,https://www.instagram.com/p/DXVKxy7DDgq/?img_index=1,coraabord,instagram,CORAABO,Por el pley grande nunca han pasado vamos a exigir la destitucion del director de coraabo y todo el gabinete no sirven para nada ... una calle una averia y lleva 15 dias el municipio entero sin agua son unos abusadores vamos para la calle,por el pley grande nunca han pasado vamos a exigir la destitucion del director de coraabo y todo el gabinete no sirven para nada .. una calle una averia y lleva 15 dias el municipio entero sin agua son unos abusadores vamos para la calle,es,NEG,0.0057,0.0,0.9943,True,False
89c642dabcd85d11d5d03a1476097fa9e706004c,2026-06-27T20:42:09.694807+00:00,https://www.instagram.com/p/DXVKxy7DDgq/?img_index=1,coraabord,instagram,CORAABO,En cuál brisa de Caucedo? Porque no he visto nada,en cuál brisa de caucedo? porque no he visto nada,es,NEU,0.0176,0.8041,0.1783,False,False
e70f2f636271e93256eae23fa2a0def744d73a10,2026-06-27T20:42:09.694807+00:00,https://www.instagram.com/p/DXVKxy7DDgq/?img_index=1,coraabord,instagram,CORAABO,"La 26 de enero, barrio san Antonio cruzando la Fausto cruz, nunca ha tenido la oportunidad de ser bendecida con un poco.","la 26 de enero, barrio san antonio cruzando la fausto cruz, nunca ha tenido la oportunidad de ser bendecida con un poco.",es,NEU,0.0804,0.5847,0.3349,False,False
69d32c3f62c6000e98a8d3f6c5134d9c70d43b7b,2026-06-27T20:42:09.694807+00:00,https://www.instagram.com/p/DXVKxy7DDgq/?img_index=1,coraabord,instagram,CORAABO,Ami ni un chin de agua me an dado,ami ni un chin de agua me an dado,it,,,,,False,True
fb71b5645ec05a4306421a7a902d5c11c67c4eba,2026-06-27T20:42:09.694807+00:00,https://www.instagram.com/p/DXVKxy7DDgq/?img_index=1,coraabord,instagram,CORAABO,Y Andrés por la esquina caliente cuando,y andrés por la esquina caliente cuando,es,NEU,0.0132,0.7175,0.2693,False,False
ec38626f00010284dc3d2af9b5b6c8fc8efc237d,2026-06-27T20:42:09.694807+00:00,https://www.instagram.com/p/DXcwP-fE50S/,coraabord,instagram,CORAABO,"Casi un mes sin agua, cuando estaban en política no cabía un camión más regalando agua 😢","casi un mes sin agua, cuando estaban en política no cabía un camión más regalando agua",es,NEG,0.0067,0.0,0.9933,True,False
396c59897addcd88340d5e0e80bc11f60f305664,2026-06-27T20:42:09.694807+00:00,https://www.instagram.com/p/DXVKxy7DDgq/?img_index=1,coraabord,instagram,CORAABO,Buenas noches coorabo necesitamos un camión aquí en los botao calle manuela Diez calle esperanza que no tenemos agua por favor 🙏 si está a su disposición.,buenas noches coorabo necesitamos un camión aquí en los botao calle manuela diez calle esperanza que no tenemos agua por favor si está a su disposición.,es,NEG,0.0475,0.4722,0.4804,True,False
44b6e99d1ac41004cb711c0e01364d5ecb581337,2026-06-27T20:42:09.694807+00:00,https://www.instagram.com/p/DZ8A8YTFqvC/,coraabord,instagram,CORAABO,Coraabo trabajando,coraabo trabajando,so,,,,,False,True
b084a162b0f5220f9645a68ab53904d4051d14ee,2026-06-27T20:42:09.694807+00:00,https://www.instagram.com/p/DZ8A8YTFqvC/,coraabord,instagram,CORAABO,Y para cuando brisa de caucedo que tenemos 5 meses sin el servicio,y para cuando brisa de caucedo que tenemos 5 meses sin el servicio,es,NEG,0.0083,0.1001,0.8916,False,False
65a849cefe9f40ff1c43c26f8a83ba09315df145,2026-06-27T20:42:09.694807+00:00,,coraabo.do,facebook,CORAABO,"Pero éso fué ahora, pero valiente lleva más de tres meses sin agua y nadie dice nada","pero éso fué ahora, pero valiente lleva más de tres meses sin agua y nadie dice nada",es,NEG,0.0122,0.0,0.9878,True,False
f912513cebfea71afaf9ba38ece676ed2a305b32,2026-06-27T20:42:09.694807+00:00,,coraabo.do,facebook,CORAABO,Ajá eso fue ahora y los tres meses casi sin agua a qué se lo atribuyen,ajá eso fue ahora y los tres meses casi sin agua a qué se lo atribuyen,es,NEG,0.0072,0.011,0.9818,True,False
3742f55be53880914a4113cc87d08c4c245dc2a7,2026-06-27T20:42:09.694807+00:00,,coraabo.do,facebook,CORAABO,Sii nadie habla de la situación de valiente 3 meses sin agua. Pork no sotro no somos hijo de nadie,sii nadie habla de la situación de valiente 3 meses sin agua. pork no sotro no somos hijo de nadie,es,NEG,0.0044,0.0,0.9956,True,False
19dea17a98f00140c4666aa48e410741d1c1990a,2026-06-27T20:42:09.694807+00:00,,coraabo.do,facebook,CORAABO,"Siempre hablando sica mostrando problemas 
nunca muestran soluciones o avances",siempre hablando sica mostrando problemas nunca muestran soluciones o avances,es,NEG,0.0084,0.0869,0.9047,False,False
82abed6ceae25eeaf38cb79b4e383a78c0ab94bb,2026-06-27T20:42:09.694807+00:00,,coraabo.do,facebook,CORAABO,Hasta que no hagan los trabajos en conjunto y organizados seguirán pasando estas cosas !!!....... Ah coraabo hace mucho antes de esa avería que hay deficiencias con el agua en la cale que y sus sectores..a 6 años no deberia haber excusas !!!!,hasta que no hagan los trabajos en conjunto y organizados seguirán pasando estas cosas !!.. ah coraabo hace mucho antes de esa avería que hay deficiencias con el agua en la cale que y sus sectores..a 6 años no deberia haber excusas !!,es,NEG,0.0095,0.0,0.9905,True,False
141aceeab9f94d9faa3689bd33abd146eb9f5f46,2026-06-27T20:42:09.694807+00:00,,coraabo.do,facebook,CORAABO,"Vuelvo y digo 
Cuando pasa una avería nos hay agua 
Pero cuando la  arreglan tampoco 
Hay agua  más de dos meses que el sector el caliche en la caleta  nos llega agua",vuelvo y digo cuando pasa una avería nos hay agua pero cuando la arreglan tampoco hay agua más de dos meses que el sector el caliche en la caleta nos llega agua,es,NEG,0.0056,0.0,0.9944,True,False
6539601784927c3c50f7c8e1b3757f398ec3e1c3,2026-06-27T20:42:09.694807+00:00,,coraabo.do,facebook,CORAABO,André no tiene nada que ver con esa parte y no está llegando,andré no tiene nada que ver con esa parte y no está llegando,es,NEG,0.0058,0.2301,0.7641,False,False
7465a3b084c94dc97a46539500c32e37662dfedb,2026-06-27T20:42:09.694807+00:00,,coraabo.do,facebook,CORAABO,"Y el agua de valiente hace más de 2 meses no  llega ,cual es el motivo","y el agua de valiente hace más de 2 meses no llega ,cual es el motivo",es,NEG,0.0066,0.0,0.9934,True,False
fe8c03f489af7596e33c318f0ed18e2b8886abf4,2026-06-27T20:42:09.694807+00:00,,coraabo.do,facebook,CORAABO,ahora es el agua y des pues es las luz coño pero que maldito país esete,ahora es el agua y des pues es las luz coño pero que maldito país esete,es,NEG,0.0095,0.0,0.9905,True,False
815f04338f8388b1ff786775bd98a43f05f213fe,2026-06-27T20:42:09.694807+00:00,,coraabo.do,facebook,CORAABO,Por favor  la calle  26 de enero la alta gracias  ase un mes hay mucho s calor ahora  es que vas necesitamos el aguas,por favor la calle 26 de enero la alta gracias ase un mes hay mucho s calor ahora es que vas necesitamos el aguas,es,NEG,0.1567,0.0,0.8433,True,False
a08e955f00f5d52b6b7ae95d923113c75909daa0,2026-06-27T20:42:09.694807+00:00,https://www.instagram.com/p/DaF6WqulrAr/,alcaldiabc,instagram,ALCALDIA_BC,Enhorabuena 👏👏👏,enhorabuena,unknown,,,,,False,True
08ccbb11753f6e9cbd45cd23e059c89c01e7967d,2026-06-27T20:42:09.694807+00:00,https://www.instagram.com/p/DY2ZEd2IAZt/,alcaldiabc,instagram,ALCALDIA_BC,La calle country  club mella,la calle country club mella,it,,,,,False,True
44d002fd516e5e022bab121d9e9c0ca0a3ced581,2026-06-27T20:42:09.694807+00:00,https://www.instagram.com/p/DY2ZEd2IAZt/,alcaldiabc,instagram,ALCALDIA_BC,El lado Sur tienen más de 20 años que no le hacen nada,el lado sur tienen más de 20 años que no le hacen nada,es,NEG,0.0093,0.1018,0.8889,False,False
ff9164b165e3e6c1fc3b6d801680857500a86a7e,2026-06-27T20:42:09.694807+00:00,https://www.instagram.com/p/DY2ZEd2IAZt/,alcaldiabc,instagram,ALCALDIA_BC,Excelente 👏👏👏🔥🔥,excelente,unknown,,,,,False,True
485f0a92ccd03fd4b8f6e528aa12f75edeb55862,2026-06-27T20:42:09.694807+00:00,https://www.instagram.com/p/DY2ZEd2IAZt/,alcaldiabc,instagram,ALCALDIA_BC,👏👏👏👏❤️❤️❤️❤️❤️,,unknown,,,,,False,True
c0ccfa765010dc8a3ccd54229f8693ae513e66e5,2026-06-27T20:42:09.694807+00:00,https://www.instagram.com/p/DY2ZEd2IAZt/,alcaldiabc,instagram,ALCALDIA_BC,Corabo ha destruido esa calle aparte de que no la han faltado nunca corabo la mantiene dañada haciendo hoyos y haciendo disparates ahí de conexiones que lo que han hecho es dañar el sistema de acueducto y desagüe de todo ese pedazo ahí.,corabo ha destruido esa calle aparte de que no la han faltado nunca corabo la mantiene dañada haciendo hoyos y haciendo disparates ahí de conexiones que lo que han hecho es dañar el sistema de acueducto y desagüe de todo ese pedazo ahí.,es,NEG,0.0067,0.0361,0.9572,False,False
64ca896b572225f07ae670bad176c0564fd41f61,2026-06-27T20:42:09.694807+00:00,https://www.instagram.com/p/DY2ZEd2IAZt/,alcaldiabc,instagram,ALCALDIA_BC,@alcaldiabc leer los comentarios y poner prioridad a estos asuntos,leer los comentarios y poner prioridad a estos asuntos,es,POS,0.547,0.4391,0.0139,False,False
87315a7fa502f77773f774b69e5c786eb615a825,2026-06-27T20:42:09.694807+00:00,https://www.instagram.com/p/DY2ZEd2IAZt/,alcaldiabc,instagram,ALCALDIA_BC,"Calle José perez detrás del nuevo edificio de Politur sin asfalto y llena de basura... Para cuando Señor Alacalde... Manden los camiones periódicamente a recoger la basura, ya que esta calle se ha convertido en un vertedero y los que vivimos por ahí ya no aguantamos más con los vecinos tirando la basura en la calle","calle josé perez detrás del nuevo edificio de politur sin asfalto y llena de basura.. para cuando señor alacalde.. manden los camiones periódicamente a recoger la basura, ya que esta calle se ha convertido en un vertedero y los que vivimos por ahí ya no aguantamos más con los vecinos tirando la basura en la calle",es,NEG,0.0031,0.0193,0.9776,False,False
84126dcb6357ca52c1703c1ef8e45d547c9d9752,2026-06-27T20:42:09.694807+00:00,https://www.instagram.com/p/DY2ZEd2IAZt/,alcaldiabc,instagram,ALCALDIA_BC,Y la calle detrás de politur para cuando? Esa callecita que la llenan de basura y no pasa el camión de basura,y la calle detrás de politur para cuando? esa callecita que la llenan de basura y no pasa el camión de basura,es,NEG,0.0096,0.1352,0.8552,False,False
2e09be42121301d1886bd008a28d8680e050535c,2026-06-27T20:42:09.694807+00:00,https://www.instagram.com/p/DY2ZEd2IAZt/,alcaldiabc,instagram,ALCALDIA_BC,Para después venir coraabo a romper,para después venir coraabo a romper,ca,,,,,False,True
6440aa2aebe83669d33cc611de878afadde42b46,2026-06-27T20:42:09.694807+00:00,https://www.instagram.com/p/DY2ZEd2IAZt/,alcaldiabc,instagram,ALCALDIA_BC,Y cuando van a asfaltar el barrio las azucenas?,y cuando van a asfaltar el barrio las azucenas?,es,NEU,0.0271,0.55,0.4229,False,False
7d0f5580465136528f90959c88973bddc5eebe58,2026-06-27T20:42:09.694807+00:00,https://www.instagram.com/p/DY2ZEd2IAZt/,alcaldiabc,instagram,ALCALDIA_BC,La calle de la funeraria de Andrés para cuando.,la calle de la funeraria de andrés para cuando.,es,NEG,0.0137,0.3769,0.6094,False,False
2e01e7bdcfd08c5713f15570ac6fb394d2f00e97,2026-06-27T20:42:09.694807+00:00,https://www.instagram.com/p/DY2ZEd2IAZt/,alcaldiabc,instagram,ALCALDIA_BC,El barrio de los botados está en una de las condiciones más deportables,el barrio de los botados está en una de las condiciones más deportables,es,POS,0.9104,0.0808,0.0088,False,False
92834cfc10d6af9970a10d41f34e94b8c2705050,2026-06-27T20:42:09.694807+00:00,https://www.instagram.com/p/DY2ZEd2IAZt/,alcaldiabc,instagram,ALCALDIA_BC,No tenemos ni aceras ni contenes es Nada,no tenemos ni aceras ni contenes es nada,es,NEG,0.0154,0.1054,0.8792,False,False
1ef90998aff3b32da40cccebfe8bdba63819e952,2026-06-27T20:42:09.694807+00:00,https://www.instagram.com/p/DY2ZEd2IAZt/,alcaldiabc,instagram,ALCALDIA_BC,Porfavor la calle Duarte entrando por la fábrica de hielo esa calle al fundo tiene uno de los barrios más poblados y que tiene las calles más determinadas,porfavor la calle duarte entrando por la fábrica de hielo esa calle al fundo tiene uno de los barrios más poblados y que tiene las calles más determinadas,es,POS,0.6819,0.3053,0.0128,False,False
697db746a47816ac3e820d43db78ecb8b3cfb9e3,2026-06-27T20:42:09.694807+00:00,https://www.instagram.com/p/DY2ZEd2IAZt/,alcaldiabc,instagram,ALCALDIA_BC,La Alcaldía asfaltando y Coraabo por otro lado rompiéndola 😂😂😂,la alcaldía asfaltando y coraabo por otro lado rompiéndola,es,NEG,0.0184,0.1212,0.8604,True,False
898e2f98ff803596ddfd450902d8d1c605470f6a,2026-06-27T20:42:09.694807+00:00,,AlcaldiaBC,facebook,ALCALDIA_BC,"Limpieza,orden y seguridad es nuestra prioridad principal bajo la dirección de nuestro alcalde Ramon Candelaria por una ciudad que avanza!! 
Tamo en eto. ❤️🇩🇴🦾","limpieza,orden y seguridad es nuestra prioridad principal bajo la dirección de nuestro alcalde ramon candelaria por una ciudad que avanza!! tamo en eto.",es,POS,0.8202,0.1656,0.0142,False,False
ea73f9185310b1e629841a34df1bd2dfc0a6a131,2026-06-27T20:42:09.694807+00:00,,AlcaldiaBC,facebook,ALCALDIA_BC,Buen trabajo señor Eduardo Fersola exelente trabajo esta haciendo recuperando nuestro espacio publico bajo la direccion de nuestro exelenticimo Ramon Candelaria Alcalde .,buen trabajo señor eduardo fersola exelente trabajo esta haciendo recuperando nuestro espacio publico bajo la direccion de nuestro exelenticimo ramon candelaria alcalde .,es,POS,0.9882,0.0,0.0118,True,False
d91918ec7ef4fc591ddc3c8dcab3c3f0a8dc4d66,2026-06-27T20:42:09.694807+00:00,,AlcaldiaBC,facebook,ALCALDIA_BC,Boca avanza 👏🏼,boca avanza,it,,,,,False,True
310b0b4fdfafb41a29f71a9ed3026b4a028c94bc,2026-06-27T20:42:09.694807+00:00,,AlcaldiaBC,facebook,ALCALDIA_BC,"Continua así,","continua así,",pt,,,,,False,True
0869562eabb9598d86214331eceeace0d9585795,2026-06-27T20:42:09.694807+00:00,,AlcaldiaBC,facebook,ALCALDIA_BC,Unidos siempre al pueblo amen 🙏,unidos siempre al pueblo amen,es,POS,0.6022,0.3471,0.0507,False,False
6edbd9968590d75f43bf164da135eaa587b5663c,2026-06-27T20:42:09.694807+00:00,,AlcaldiaBC,facebook,ALCALDIA_BC,"No es por criticar pero si la parte del invi le corresponde porque no van a quitar los poste de alta tensión eléctrica que están poniendo en la misma acera, que hay que tirarse a la calle para poder cruzar","no es por criticar pero si la parte del invi le corresponde porque no van a quitar los poste de alta tensión eléctrica que están poniendo en la misma acera, que hay que tirarse a la calle para poder cruzar",es,NEG,0.0046,0.1021,0.8933,False,False
114431dee6515402aef3d8f7dc868ba14acea566,2026-06-27T20:42:09.694807+00:00,,AlcaldiaBC,facebook,ALCALDIA_BC,A bien k ya estamos jalto de k abusen de nosotros con la violación de las a cer,a bien k ya estamos jalto de k abusen de nosotros con la violación de las a cer,es,NEG,0.0036,0.0234,0.973,False,False
6e118f7b80906dc1030e941416333d5f25b1257e,2026-06-27T20:42:09.694807+00:00,,AlcaldiaBC,facebook,ALCALDIA_BC,Lo que tienen que recoger la basura eso es,lo que tienen que recoger la basura eso es,es,NEG,0.0296,0.2903,0.6801,False,False
7cf77f0cabb42594a15c3a9813b9bc967fcc4231,2026-06-27T20:42:09.694807+00:00,,AlcaldiaBC,facebook,ALCALDIA_BC,Pero ablen de los palos de luz coñaso,pero ablen de los palos de luz coñaso,es,NEG,0.0299,0.2718,0.6983,False,False
aea8d023f9d1a961834b21ff1b85beb13045ee1b,2026-06-27T20:42:09.694807+00:00,,AlcaldiaBC,facebook,ALCALDIA_BC,Excelente,excelente,unknown,,,,,False,True
c86503c3cdaf4b5840eab55c25553c36f276b1a3,2026-06-27T20:42:09.694807+00:00,,AlcaldiaBC,facebook,ALCALDIA_BC,Coño manos,coño manos,es,NEG,0.1418,0.3986,0.4596,True,False
64313f98d9702dec6e79ae9f497f423bdcb4561b,2026-06-27T20:42:09.694807+00:00,,AlcaldiaBC,facebook,ALCALDIA_BC,"Excelente, gestión que organiza decisiones que transforman","excelente, gestión que organiza decisiones que transforman",es,POS,0.9876,0.0,0.0124,True,False
7b916cc5ba7a623a3939ee0c732af421b117dd52,2026-06-27T20:42:09.694807+00:00,,AlcaldiaBC,facebook,ALCALDIA_BC,En hora buena,en hora buena,es,POS,0.7296,0.2469,0.0235,False,False
9ee53b3aeaa6e657d9db2fa628d257bdd9351aee,2026-06-27T20:42:09.694807+00:00,,AlcaldiaBC,facebook,ALCALDIA_BC,"Me gustaría aportar en soluciones de urbanismo a la comunidad, como puedo enviar algunas oportunidades de mejora que he visto en la comunidad","me gustaría aportar en soluciones de urbanismo a la comunidad, como puedo enviar algunas oportunidades de mejora que he visto en la comunidad",es,NEU,0.2351,0.7372,0.0277,False,False
ff403a906a6e40cda18caf122780218fabd8caa2,2026-06-27T20:42:09.694807+00:00,,AlcaldiaBC,facebook,ALCALDIA_BC,Excelente trabajo,excelente trabajo,es,POS,0.6092,0.2816,0.1092,True,False
f6ed2960cb0b7064c53031639c15b029c27d0563,2026-06-27T20:42:09.694807+00:00,,AlcaldiaBC,facebook,ALCALDIA_BC,Cuánta van con esta ?,cuánta van con esta ?,es,NEU,0.0345,0.5632,0.4023,False,False
55d7ae1f01a6d7261a063838019c59b05c379a17,2026-06-27T20:42:09.694807+00:00,,AlcaldiaBC,facebook,ALCALDIA_BC,"Elegir una calle y hacer como una feria, por sectores, frutas, aves, pescados, carnes, etc..","elegir una calle y hacer como una feria, por sectores, frutas, aves, pescados, carnes, etc..",es,NEU,0.1721,0.802,0.0259,False,False
a0ff4b1f352ea4e8614320bdc450b37afac02481,2026-06-27T20:42:09.694807+00:00,,AlcaldiaBC,facebook,ALCALDIA_BC,Ni papa.liborio a podido con el batey,ni papa.liborio a podido con el batey,es,NEG,0.0307,0.2493,0.72,False,False
b10d6f353170673b22e323f7b7a332f19dd70ebd,2026-06-27T20:42:09.694807+00:00,,AlcaldiaBC,facebook,ALCALDIA_BC,"Sin ganas de joder la paciencia, y para que fue que se construyo el mercado de Andrés? Hay lo veo abandonado a su suerte mientras los vendedores ocupan toda una vía en el centro de Andrés.","sin ganas de joder la paciencia, y para que fue que se construyo el mercado de andrés? hay lo veo abandonado a su suerte mientras los vendedores ocupan toda una vía en el centro de andrés.",es,NEG,0.004,0.0261,0.9699,False,False
ab0bdd302f6b711f2214e2bf9927622f904eb51b,2026-06-27T20:42:09.694807+00:00,,AlcaldiaBC,facebook,ALCALDIA_BC,Hay que acabar con esa arrabalizacion que tanto afea y obtaculiza el transito de los vihiculos y peatones,hay que acabar con esa arrabalizacion que tanto afea y obtaculiza el transito de los vihiculos y peatones,es,NEG,0.0227,0.1353,0.842,False,False
c74d4ed66e9b2815386195000702b0bc214b7061,2026-06-27T20:42:09.694807+00:00,,AlcaldiaBC,facebook,ALCALDIA_BC,Deberían de arreglar el mercado higiene limpieza y organizar lo,deberían de arreglar el mercado higiene limpieza y organizar lo,es,NEU,0.0864,0.6147,0.2989,False,False
43df3b173f8983db2c60232aa4b3281e018b2187,2026-06-27T20:42:09.694807+00:00,,AlcaldiaBC,facebook,ALCALDIA_BC,en 8 años que estuve allá...lo intentaron pero fue imposible inútil...pudieron semáforos..ni los estrenaron...el estado de esa zona era inhumano,en 8 años que estuve allá..lo intentaron pero fue imposible inútil..pudieron semáforos..ni los estrenaron..el estado de esa zona era inhumano,es,NEG,0.0039,0.0,0.9961,True,False
e38ee8353d4409fb88885e1dfc70b0219f30cd97,2026-06-27T20:42:09.694807+00:00,,AlcaldiaBC,facebook,ALCALDIA_BC,Eso es un desatres,eso es un desatres,es,NEG,0.0123,0.075,0.9127,False,False
c8b0a0f3670156c6db1980822a694ecb2992c729,2026-06-27T20:42:09.694807+00:00,,AlcaldiaBC,facebook,ALCALDIA_BC,Es correcto que se mejoren esos males! Pero también sería justo que se rehubiquen! Esas personas! A alguna plaza donde ellos puedan ganar el sustento de sus familias!,es correcto que se mejoren esos males! pero también sería justo que se rehubiquen! esas personas! a alguna plaza donde ellos puedan ganar el sustento de sus familias!,es,NEU,0.4713,0.4768,0.0519,False,False
dc52900d0eac9c033cfa21a0b1d1cbae81691ea4,2026-06-27T20:42:09.694807+00:00,,AlcaldiaBC,facebook,ALCALDIA_BC,Es el tiempo de transformar el batey,es el tiempo de transformar el batey,es,NEU,0.2579,0.6927,0.0494,False,False
f2342bcd62ac83e857b03796175c0792d38effcd,2026-06-27T20:42:09.694807+00:00,,AlcaldiaBC,facebook,ALCALDIA_BC,Bien,bien,unknown,,,,,False,True
f666bcba3117b75a1719c10890789e990413f568,2026-06-27T20:42:09.694807+00:00,https://www.instagram.com/p/DaD5qe6Ogk3/,bocachicard04,instagram,MEDIA,🙌🙌🙌🙌🙌🙌,,unknown,,,,,False,True
b1b4192a690d3f8b3b00f95b9a574d3ba9b9b295,2026-06-27T20:42:09.694807+00:00,https://www.instagram.com/p/DaD5qe6Ogk3/,bocachicard04,instagram,MEDIA,Osea q mañana no habrá luz tampoco 😭,osea q mañana no habrá luz tampoco,es,NEU,0.0141,0.52,0.4659,False,False
874432f7aa5b3c3b4c0617d7a363136c518324e2,2026-06-27T20:42:09.694807+00:00,https://www.instagram.com/p/DaD5qe6Ogk3/,bocachicard04,instagram,MEDIA,Ojalá por qué estamos sin luz,ojalá por qué estamos sin luz,es,NEG,0.0073,0.0586,0.9341,True,False
0eada63d53e84e6ddaf380db2ec6cf262d1d7d72,2026-06-27T20:42:09.694807+00:00,https://www.instagram.com/p/DaD5qe6Ogk3/,bocachicard04,instagram,MEDIA,Sin luz  la Caleta la Ureña Andre’s .. estamos jar to,sin luz la caleta la ureña andres .. estamos jar to,es,NEG,0.0214,0.0,0.9786,True,False
710ace0b1a2ea19870b21da660b77a10e349c02e,2026-06-27T20:42:09.694807+00:00,https://www.instagram.com/p/DaD5qe6Ogk3/,bocachicard04,instagram,MEDIA,Para que como quiera no aya luz esto no sirve,para que como quiera no aya luz esto no sirve,es,NEG,0.0037,0.0253,0.971,False,False
9b4ee70a8106e5008fdfb899d7f4f5040fe8cbe4,2026-06-27T20:42:09.694807+00:00,https://www.instagram.com/p/DaD5qe6Ogk3/,bocachicard04,instagram,MEDIA,La calle ramon matias mella y la calle de la fuente apagadas y 2 calle mas arriba si hay luz parese k al encargado de cde de este lado alguien de por aquí lo ayudaba con su dama,la calle ramon matias mella y la calle de la fuente apagadas y 2 calle mas arriba si hay luz parese k al encargado de cde de este lado alguien de por aquí lo ayudaba con su dama,es,NEG,0.0084,0.2221,0.7695,False,False
7516b2c86d67fd8e0501e143befb961b6a0ebff2,2026-06-27T20:42:09.694807+00:00,https://www.instagram.com/p/DaD5qe6Ogk3/,bocachicard04,instagram,MEDIA,Y eso solo funciona por las casas del síndico? Yo pregunte por un amigo,y eso solo funciona por las casas del síndico? yo pregunte por un amigo,es,NEU,0.0124,0.929,0.0586,False,False
d61564aeff31045418544076e46427cb1d6fd136,2026-06-27T20:42:09.694807+00:00,https://www.instagram.com/p/DaD5qe6Ogk3/,bocachicard04,instagram,MEDIA,😂😂😂😂😂😂😂,,unknown,,,,,False,True
8a856fce42bf4ac08a826e0eed0698001c3f9251,2026-06-27T20:42:09.694807+00:00,https://www.instagram.com/p/DaD5qe6Ogk3/,bocachicard04,instagram,MEDIA,👏,,unknown,,,,,False,True
9ea27d9f232e5664fe8a0a77488d486fc831bd56,2026-06-27T20:42:09.694807+00:00,https://www.instagram.com/p/DaD5qe6Ogk3/,bocachicard04,instagram,MEDIA,Ojalá y seas verdad y no seas un muero q nos traen para el bulto si es así q Dios lo bendigas👏,ojalá y seas verdad y no seas un muero q nos traen para el bulto si es así q dios lo bendigas,es,NEG,0.1356,0.2375,0.6269,False,False
92d8a94b9c6cdf36bd4602cd55ef092cdc25a0a6,2026-06-27T20:42:09.694807+00:00,https://www.instagram.com/p/DaD5qe6Ogk3/,bocachicard04,instagram,MEDIA,Eso llegara antes de Diciembre por lo menos,eso llegara antes de diciembre por lo menos,es,NEU,0.1143,0.8518,0.0339,False,False
38462744666aa00a39992413c0f423ebde952622,2026-06-27T20:42:09.694807+00:00,https://www.instagram.com/p/DaD5qe6Ogk3/,bocachicard04,instagram,MEDIA,Libro gordo de petete,libro gordo de petete,pt,,,,,False,True
2fabdd2265ecded7cff533d91595794bb2adab87,2026-06-27T20:42:09.694807+00:00,https://www.instagram.com/p/DaD5qe6Ogk3/,bocachicard04,instagram,MEDIA,Gloriaba Dios porque estamos desesperados aquí en Boca chica,gloriaba dios porque estamos desesperados aquí en boca chica,es,NEG,0.0173,0.1721,0.8106,False,False
125d055ad9f1c1972a53eb5c53901e2199d0b1b2,2026-06-27T20:42:09.694807+00:00,https://www.instagram.com/p/DaD5qe6Ogk3/,bocachicard04,instagram,MEDIA,Una vaina usa???,una vaina usa??,fi,,,,,False,True
6ac29bf94390225c01a1a387fb5f90814fdea44a,2026-06-27T20:42:09.694807+00:00,https://www.instagram.com/p/DZ7sSfPRqxB/,bocachicard04,instagram,MEDIA,Eso sí es verdad mi pana Boca chica está allí en la basura loco eso da pena y vergüenza,eso sí es verdad mi pana boca chica está allí en la basura loco eso da pena y vergüenza,es,NEG,0.0035,0.0,0.9965,True,False
e54f8ee0879d3243e3d70b7afcf5db0a95589301,2026-06-27T20:42:09.694807+00:00,https://www.instagram.com/p/DZ7sSfPRqxB/,bocachicard04,instagram,MEDIA,"Ley de mordaza? hace mucho que aquí hay libertad de expresión, que se limiten a leer, escuchar y sobretodo que actúen que para eso fueron elegidos. 🙄😮‍💨😮‍💨 Turismo trabajando, será de buzo 🤿 😂😂😂😂😂 @encoro__ devuelvete que te pasaste😂😂😂😂 Dios te bendiga y proteja siempre 🙌","ley de mordaza? hace mucho que aquí hay libertad de expresión, que se limiten a leer, escuchar y sobretodo que actúen que para eso fueron elegidos. turismo trabajando, será de buzo devuelvete que te pasaste dios te bendiga y proteja siempre",es,POS,0.6911,0.2314,0.0775,True,False
074c7296d0755d5fd5b9cdfe353081dc350cc023,2026-06-27T20:42:09.694807+00:00,https://www.instagram.com/p/DZ7sSfPRqxB/,bocachicard04,instagram,MEDIA,espero lo mismo 👏🙌🙌🙌,espero lo mismo,es,NEU,0.0977,0.5533,0.349,False,False
5077a76ceacdb5773a0386190386f2b04b5b4426,2026-06-27T20:42:09.694807+00:00,https://www.instagram.com/p/DZ7sSfPRqxB/,bocachicard04,instagram,MEDIA,😂😂 Ya esa gente se roban esos cuartos muchachos deja de estar buscándote problemas,ya esa gente se roban esos cuartos muchachos deja de estar buscándote problemas,es,NEG,0.0185,0.1644,0.8171,False,False
062e788112b67396690c391b27136f3a2cad67cf,2026-06-27T20:42:09.694807+00:00,https://www.instagram.com/p/DZ7sSfPRqxB/,bocachicard04,instagram,MEDIA,Jjj😂,jjj,unknown,,,,,False,True
579aa3820d64314012bbb132faa5288ba9d5ca41,2026-06-27T20:42:09.694807+00:00,https://www.instagram.com/p/DZ7sSfPRqxB/,bocachicard04,instagram,MEDIA,Ay si ojalá y arreglen esa calle tan lindo los negocios y el malecón y la calle uff 😱,ay si ojalá y arreglen esa calle tan lindo los negocios y el malecón y la calle uff,es,POS,0.8706,0.1144,0.015,False,False
9deda6885e3d7351b82274ae198a85de998042cd,2026-06-27T20:42:09.694807+00:00,https://www.instagram.com/p/DZ7sSfPRqxB/,bocachicard04,instagram,MEDIA,A esas vallas deberíamos rotularlas con el nombre de bubu🔥trabajando 😂😂,a esas vallas deberíamos rotularlas con el nombre de bubutrabajando,es,NEU,0.199,0.6771,0.1239,True,False
f466d24e4896189d62bd5496f332910ade651473,2026-06-27T20:42:09.694807+00:00,https://www.instagram.com/p/DZ7sSfPRqxB/,bocachicard04,instagram,MEDIA,Jajajaja así es,jajajaja así es,et,,,,,False,True
d3d267d8174e08fc3b2ba5097e960a377db447f6,2026-06-27T20:42:09.694807+00:00,https://www.instagram.com/p/DZ7sSfPRqxB/,bocachicard04,instagram,MEDIA,Apuesto que la mata de Coco crece primero 😂,apuesto que la mata de coco crece primero,es,NEU,0.1133,0.8179,0.0688,False,False
611432cbdbe963ccc7aef2f2b61cd0ecea95b1b5,2026-06-27T20:42:09.694807+00:00,https://www.instagram.com/p/DZ7sSfPRqxB/,bocachicard04,instagram,MEDIA,Cuando activen la ley siga hablando normal,cuando activen la ley siga hablando normal,es,NEU,0.0499,0.9233,0.0268,False,False
82498e0eeb496910de6b85833cd14cf355ce5d89,2026-06-27T20:42:09.694807+00:00,https://www.instagram.com/p/DZ7sSfPRqxB/,bocachicard04,instagram,MEDIA,😂😂😂😂,,unknown,,,,,False,True
4d4ab185039903b73da0368f612cea775d5f6a76,2026-06-27T20:42:09.694807+00:00,https://www.instagram.com/p/DZ7sSfPRqxB/,bocachicard04,instagram,MEDIA,Así como tú estás haciendo ese video en la playa del malecón porque tú no te tiras para Costa blanca y hace otro video. Cómo va nuestro boca chica el cambio que va a dar.,así como tú estás haciendo ese video en la playa del malecón porque tú no te tiras para costa blanca y hace otro video. cómo va nuestro boca chica el cambio que va a dar.,es,NEG,0.0415,0.353,0.6055,False,False
322add724e4c9b4055499a86207ab4dbbbe99ee7,2026-06-27T20:42:09.694807+00:00,https://www.instagram.com/p/DZ7sSfPRqxB/,bocachicard04,instagram,MEDIA,"Éste se cree Piru ahora no te meta en eso de política que con eso nadie puede sigue con tu video anterior dando contenido positivo como tú siempre da, pero no te meta en eso, con la política nadie puede sólo Dios sea quien sea quien se siente en esa silla va a ser lo mismo y el mejor político que ha pasado por aquí ha sido Collado, Boca chica nunca va a sentir un cambio como lo ha sentido ahora espera dos años y veras.👏","éste se cree piru ahora no te meta en eso de política que con eso nadie puede sigue con tu video anterior dando contenido positivo como tú siempre da, pero no te meta en eso, con la política nadie puede sólo dios sea quien sea quien se siente en esa silla va a ser lo mismo y el mejor político que ha pasado por aquí ha sido collado, boca chica nunca va a sentir un cambio como lo ha sentido ahora espera dos años y veras.",es,NEG,0.0231,0.1925,0.7844,False,False
12b790fc274f6e4d967de8dac7530cc14bcdcd52,2026-06-27T20:42:09.694807+00:00,https://www.instagram.com/p/DZ7sSfPRqxB/,bocachicard04,instagram,MEDIA,"Cuando activen esa ley… ahí es que yo voy hablar con más gusto.., para que venga pa queens a búscame 😂 así viajo gratis","cuando activen esa ley ahí es que yo voy hablar con más gusto.., para que venga pa queens a búscame así viajo gratis",es,NEU,0.1793,0.8079,0.0128,False,False
5419ffdef82b4ef955a0042f9240cb1f46fdbfc2,2026-06-27T20:42:09.694807+00:00,https://www.instagram.com/p/DZnS1mEOo12/,bocachicard04,instagram,MEDIA,Gracias @encoro__ por ser nuestra bocina 🔈 de 15,gracias por ser nuestra bocina de 15,es,POS,0.9551,0.0232,0.0217,True,False
479432b3b533a99fbec6344e712718ce92b6ecbb,2026-06-27T20:42:09.694807+00:00,https://www.instagram.com/p/DZnS1mEOo12/,bocachicard04,instagram,MEDIA,"No soy mucho de opinar pero ay voy!! En mi casa casi nunca se iba la luz, muy rara vez se iba y cuando se iba era 1 vez cada 3 meses, ahora ya van 15 días que la luz tiene un relajo, se la llevan y la mandan por 2 a 3 horas, de 24 horas que tiene el día, 21 horas la pasamos nosotros sin luz, my pregunta es? ¿Este es el gran cambio? Se llenan la boca de que hicieron algo que hasta a media lo dejan, en vez de estar robando por que no dan soluciones y dejan de hablar tanta 💩 no lo digo por my, lo digo por todos. Estamos hartos ya de ese abuso y lo peor de todo es que ustedes se hacen rico a base del dinero de nuestros impuestos, sin nuestros impuestos ustedes no fueran nadie, feliz tarde señor Jheysom, me imagino que debe de estar muy tranquilo cogiendo aire y nosotros mamandosel* a Drácula 🤡","no soy mucho de opinar pero ay voy!! en mi casa casi nunca se iba la luz, muy rara vez se iba y cuando se iba era 1 vez cada 3 meses, ahora ya van 15 días que la luz tiene un relajo, se la llevan y la mandan por 2 a 3 horas, de 24 horas que tiene el día, 21 horas la pasamos nosotros sin luz, my pregunta es? este es el gran cambio? se llenan la boca de que hicieron algo que hasta a media lo dejan, en vez de estar robando por que no dan soluciones y dejan de hablar tanta no lo digo por my, lo digo por todos. estamos hartos ya de ese abuso y lo peor de todo es que ustedes se hacen rico a base del dinero de nuestros impuestos, sin nuestros impuestos ustedes no fueran nadie, feliz tarde señor jheysom, me imagino que debe de estar muy tranquilo cogiendo aire y nosotros mamandosel a drácula",es,NEG,0.0033,0.0,0.9967,True,False
22e6e18056fa845f950e5e50138af631c63751a5,2026-06-27T20:42:09.694807+00:00,https://www.instagram.com/p/DZnS1mEOo12/,bocachicard04,instagram,MEDIA,El piti quiere ser senador🤣🤣🤣,el piti quiere ser senador,es,NEU,0.1298,0.5862,0.284,False,False
d948327dfe94e2ed4a1e9d951b4e9e841ab79d32,2026-06-27T20:42:09.694807+00:00,https://www.instagram.com/p/DZnS1mEOo12/,bocachicard04,instagram,MEDIA,Una  Reunión para que  para  hablar  lo mismo de siempre  nada,una reunión para que para hablar lo mismo de siempre nada,es,NEG,0.0043,0.0777,0.918,False,False
c934f5ca5bfda0d0c0e50800612ba672985a9bbc,2026-06-27T20:42:09.694807+00:00,https://www.instagram.com/p/DZnS1mEOo12/,bocachicard04,instagram,MEDIA,Pero E' una burla 🤣🤣🤣🤣🤣🤣🤣🤣🤣,pero e' una burla,es,NEU,0.1969,0.6595,0.1436,False,False
95147e9e6e93fdfd7005f9f21561b0d06218cf8f,2026-06-27T20:42:09.694807+00:00,https://www.instagram.com/p/DZnS1mEOo12/,bocachicard04,instagram,MEDIA,Yo espero que sea los último 4 ano de función de Jeison garcia,yo espero que sea los último 4 ano de función de jeison garcia,es,NEU,0.141,0.7993,0.0597,False,False
399fdf78e2f284278286d5207f5b7e42775550fe,2026-06-27T20:42:09.694807+00:00,https://www.instagram.com/p/DZnS1mEOo12/,bocachicard04,instagram,MEDIA,"El 30 de Agosto, wauuu 😮😮😮 que lo dejen para diciembre mejor, porque si es problema de un transformador o algo con más capacidad no debería de estar sufriendo todo Boca Chica, sino un sector no muy grande,las nuevas conexiones...","el 30 de agosto, wauu que lo dejen para diciembre mejor, porque si es problema de un transformador o algo con más capacidad no debería de estar sufriendo todo boca chica, sino un sector no muy grande,las nuevas conexiones..",es,NEG,0.0072,0.1315,0.8613,False,False
6440cfbf12a66dde6cf7e7a7fe1a693bab342b2e,2026-06-27T20:42:09.694807+00:00,https://www.instagram.com/p/DZnS1mEOo12/,bocachicard04,instagram,MEDIA,Y la maldita luz para  cuando,y la maldita luz para cuando,es,NEG,0.0129,0.0388,0.9483,True,False
d6e62384b761a0165338b62a9bee89994c6c3651,2026-06-27T20:42:09.694807+00:00,https://www.instagram.com/p/DZnS1mEOo12/,bocachicard04,instagram,MEDIA,Dios mío en agosto pero nada gracia a Dios,dios mío en agosto pero nada gracia a dios,es,NEU,0.0414,0.7796,0.179,False,False
94d0821d8778511c607e281824c6e4f6fd5d5515,2026-06-27T20:42:09.694807+00:00,https://www.instagram.com/p/DZnS1mEOo12/,bocachicard04,instagram,MEDIA,Si Dios permitiera que las elecciones fueron hoy para sacarlos a todos ustedes del poder sentiríamos un gran alivio,si dios permitiera que las elecciones fueron hoy para sacarlos a todos ustedes del poder sentiríamos un gran alivio,es,POS,0.5982,0.3493,0.0525,False,False
3b5a1b355166fa94ea65b0b708c6b92175d750b5,2026-06-27T20:42:09.694807+00:00,https://www.instagram.com/p/DZnS1mEOo12/,bocachicard04,instagram,MEDIA,Ya estamos cansados de tantas mentiras y engaños,ya estamos cansados de tantas mentiras y engaños,es,NEG,0.0078,0.0,0.9922,True,False
8192eb3a3998bfa7b262421751c786ea00a3e309,2026-06-27T20:42:09.694807+00:00,https://www.instagram.com/p/DZnS1mEOo12/,bocachicard04,instagram,MEDIA,Eso está arreglado ustedes lo dañaron para luego venir a decir que lo van a arreglar para llevarse el mérito,eso está arreglado ustedes lo dañaron para luego venir a decir que lo van a arreglar para llevarse el mérito,es,NEG,0.0143,0.1066,0.8791,False,False
70b80c77ab58b8e8c4f1879c302740b091d1562d,2026-06-27T20:42:09.694807+00:00,https://www.instagram.com/p/DZnS1mEOo12/,bocachicard04,instagram,MEDIA,"Hoy tengo que pagar 2,400 de apagones y si no pago me la cortan","hoy tengo que pagar 2,400 de apagones y si no pago me la cortan",es,NEG,0.0036,0.0,0.9964,True,False
e43f14d78a138b3d8565c4ea59c865a64941c94a,2026-06-27T20:42:09.694807+00:00,https://www.instagram.com/p/DaD5qe6Ogk3/,bocachicard04,instagram,MEDIA,🙌 Isaías 26:12 Jehová tu nos dará Paz porque también hiciste en nosotros todas nuestras obras. Dejemos la hipocresía y busquemos la 🕊️ paz 🕊️ de Dios 🙌 bendiciones 🙌,isaías 26:12 jehová tu nos dará paz porque también hiciste en nosotros todas nuestras obras. dejemos la hipocresía y busquemos la paz de dios bendiciones,es,POS,0.8512,0.1357,0.0131,False,False
4971e9e5a698cfb2b33c2613e4ca28ec1173050c,2026-06-27T20:42:09.694807+00:00,https://www.instagram.com/p/DZ1GvOjxCeQ/,bocachicard04,instagram,MEDIA,Terrible ese apagón en Boca Chica .,terrible ese apagón en boca chica .,es,NEG,0.0087,0.0,0.9913,True,False
63d41b5d72f982b80ac58d2cee525389498cb32d,2026-06-27T20:42:09.694807+00:00,https://www.instagram.com/p/DZ1GvOjxCeQ/,bocachicard04,instagram,MEDIA,Y por que no salen a las calles a protestar ??,y por que no salen a las calles a protestar ??,es,NEG,0.035,0.2704,0.6946,False,False
7c62062cdecb5d011d6d3c3120a656dba778fa29,2026-06-27T20:42:09.694807+00:00,https://www.instagram.com/p/DZ1GvOjxCeQ/,bocachicard04,instagram,MEDIA,😂😂😂😂😂,,unknown,,,,,False,True
7ca732559c19bb658bd5ed777930b90ba78ce9c7,2026-06-27T20:42:09.694807+00:00,https://www.instagram.com/p/DZ1GvOjxCeQ/,bocachicard04,instagram,MEDIA,Y ahora mismo no hay luz 😩😂😂,y ahora mismo no hay luz,so,,,,,False,True
b89c869e1492e142a4d8d8c21066a182a8f4c70e,2026-06-27T20:42:09.694807+00:00,https://www.instagram.com/p/DZ1GvOjxCeQ/,bocachicard04,instagram,MEDIA,Lol,lol,unknown,,,,,False,True
883452f06a5897960c679745f52417832795b603,2026-06-27T20:42:09.694807+00:00,https://www.instagram.com/p/DZ1GvOjxCeQ/,bocachicard04,instagram,MEDIA,Eso si es verdad 😂😂😂😂🤣,eso si es verdad,es,NEU,0.1595,0.6143,0.2262,False,False
c73bbfe6b3116b94516ce35c5dabb99ac67a0bb0,2026-06-27T20:42:09.694807+00:00,https://www.instagram.com/p/DZ1GvOjxCeQ/,bocachicard04,instagram,MEDIA,Nunca hay luz esto es terrible,nunca hay luz esto es terrible,es,NEG,0.0026,0.0127,0.9847,False,False
fdb39b4a6ef554c561c94e60881adf4930fd75fe,2026-06-27T20:42:09.694807+00:00,https://www.instagram.com/p/DZ1GvOjxCeQ/,bocachicard04,instagram,MEDIA,Se va luz!,se va luz!,hr,,,,,False,True
fa35a714244bf177bd04228659ba61fda681f3dc,2026-06-27T20:42:09.694807+00:00,https://www.instagram.com/p/DZ1GvOjxCeQ/,bocachicard04,instagram,MEDIA,No aguantamos mas 💔😪,no aguantamos mas,pt,,,,,False,True
f3809f59ac321378a1f25856c223b224eaff1a02,2026-06-27T20:42:09.694807+00:00,https://www.instagram.com/p/DZ1GvOjxCeQ/,bocachicard04,instagram,MEDIA,😂uno se rie pero es verdad,uno se rie pero es verdad,es,NEG,0.0274,0.261,0.7116,False,False
fe328b5c122902021f4d7cee51fee00d0e9677d6,2026-06-27T20:42:09.694807+00:00,https://www.instagram.com/p/DZ1GvOjxCeQ/,bocachicard04,instagram,MEDIA,🤣,,unknown,,,,,False,True
b567580f516c3bd9df9a250a8b6b337a5119f89d,2026-06-27T20:42:09.694807+00:00,https://www.instagram.com/p/DZ1GvOjxCeQ/,bocachicard04,instagram,MEDIA,🤣🤣🤣,,unknown,,,,,False,True
c76ed652c084a8dc75ce6df2554259e46e2f5b2a,2026-06-27T20:42:09.694807+00:00,https://www.instagram.com/p/DZ1GvOjxCeQ/,bocachicard04,instagram,MEDIA,😂😂,,unknown,,,,,False,True
3285f505ff6ce5cf4d6fe535c42f23607956b9a7,2026-06-27T20:42:09.694807+00:00,https://www.instagram.com/p/DZ1GvOjxCeQ/,bocachicard04,instagram,MEDIA,Y adivinen que paso ahora mismo “ Se fue la Luz 💡 😂😂😂,y adivinen que paso ahora mismo se fue la luz,es,NEG,0.0093,0.093,0.8977,True,False
24dd64a1471484a5ce7f569f6a3cd2350cc2e233,2026-06-27T20:42:09.694807+00:00,https://www.instagram.com/p/DZ1GvOjxCeQ/,bocachicard04,instagram,MEDIA,🤣🤣🤣🤣🤣,,unknown,,,,,False,True
c121a02b65450db176dbde3ad1bba07387a6df88,2026-06-27T20:42:09.694807+00:00,https://www.instagram.com/p/DZXkN-pp92u/,bocachicainformando,instagram,MEDIA,"Pésima tengo amiga  papá en cama y los sudore no lo aguanta porfavor,  arregle esa luz que abuso","pésima tengo amiga papá en cama y los sudore no lo aguanta porfavor, arregle esa luz que abuso",es,NEG,0.0042,0.0342,0.9616,False,False
10a7780bdf6a2a967c0bc7a46cdad054762107b8,2026-06-27T20:42:09.694807+00:00,https://www.instagram.com/p/DZXkN-pp92u/,bocachicainformando,instagram,MEDIA,Aquí en Valiente estamos que la luz está quemando todo los electrodomésticos y hasta casas,aquí en valiente estamos que la luz está quemando todo los electrodomésticos y hasta casas,es,NEG,0.0075,0.0396,0.9529,False,False
0350698d635727f701f08274769ce9c5db71b349,2026-06-27T20:42:09.694807+00:00,https://www.instagram.com/p/DZXkN-pp92u/,bocachicainformando,instagram,MEDIA,Klk hay que quema goma eee por no tiene jarto yaaa,klk hay que quema goma ee por no tiene jarto yaa,es,NEG,0.0152,0.2176,0.7672,False,False
98dde1fb6336cad96c8e299545d3e659a034c8ad,2026-06-27T20:42:09.694807+00:00,https://www.instagram.com/p/DZXkN-pp92u/,bocachicainformando,instagram,MEDIA,Estoy loco que se quede pegado el que vas a la vaina para que se vaya la luz☠️,estoy loco que se quede pegado el que vas a la vaina para que se vaya la luz,es,NEG,0.0035,0.0431,0.9534,False,False
41c611725a78ca2aeb025fbf876d914db4c96267,2026-06-27T20:42:09.694807+00:00,https://www.instagram.com/p/DZXkN-pp92u/,bocachicainformando,instagram,MEDIA,Estamos hartosssssss,estamos hartoss,pt,,,,,False,True
701aa2aaf92466ae8470af467fc48e3b572a4e48,2026-06-27T20:42:09.694807+00:00,https://www.instagram.com/p/DZXkN-pp92u/,bocachicainformando,instagram,MEDIA,La bana ta bobo dios te las toma,la bana ta bobo dios te las toma,es,NEU,0.1872,0.6343,0.1785,False,False
fa1e3f0df6a5796118b040a60bbd631eace52999,2026-06-27T20:42:09.694807+00:00,https://www.instagram.com/p/DZXkN-pp92u/,bocachicainformando,instagram,MEDIA,Primero era aquí en los mina😂😂,primero era aquí en los mina,es,NEU,0.0496,0.7992,0.1512,False,False
58ca273ae6b27fbf95fdc007f3827c552287cec6,2026-06-27T20:42:09.694807+00:00,https://www.instagram.com/p/DZXkN-pp92u/,bocachicainformando,instagram,MEDIA,Eso es todos los dias en la tarde y en la noche q se va o se daña😭,eso es todos los dias en la tarde y en la noche q se va o se daña,es,NEG,0.0097,0.4516,0.5387,False,False
290235206961629588da0afe1c9d33e300fefff7,2026-06-27T20:42:09.694807+00:00,https://www.instagram.com/p/DZXkN-pp92u/,bocachicainformando,instagram,MEDIA,Hay que paralizar a Boca Chica.,hay que paralizar a boca chica.,es,NEU,0.1404,0.4312,0.4284,False,False
1dae6b71dbb1cc4f03edde3ced8dee64c15c28b6,2026-06-27T20:42:09.694807+00:00,https://www.instagram.com/p/DZXkN-pp92u/,bocachicainformando,instagram,MEDIA,Que vamos a hacer? Hablen y le damos.,que vamos a hacer? hablen y le damos.,es,NEU,0.0847,0.8817,0.0336,False,False
bd447743079142b2147887367cd30a4c01c66e67,2026-06-27T20:42:09.694807+00:00,https://www.instagram.com/p/DZXkN-pp92u/,bocachicainformando,instagram,MEDIA,😂😂😂,,unknown,,,,,False,True
40c9809aac69d4d0f83342b41a84f7694d75e513,2026-06-27T20:42:09.694807+00:00,https://www.instagram.com/p/DZXkN-pp92u/,bocachicainformando,instagram,MEDIA,Y la ureña,y la ureña,es,NEU,0.0653,0.6996,0.2351,False,False
2678ced53474a8624d75680462d3d8b2ad7fb534,2026-06-27T20:42:09.694807+00:00,https://www.instagram.com/p/DZXkN-pp92u/,bocachicainformando,instagram,MEDIA,Y ustedes no querían Abinadershhhh hh😂,y ustedes no querían abinadershh hh,es,NEG,0.0255,0.4514,0.5231,False,False
543f63a6d25fcd161657d18fe75a8d08238bf522,2026-06-27T20:42:09.694807+00:00,https://www.instagram.com/p/DZXkN-pp92u/,bocachicainformando,instagram,MEDIA,Buenos ésto apagones están insoportable en Boca chica ih con esté calor qué está haciendo ay que hacer algo para ber sí le buscan la solución a esté problema 😵‍💫😵‍💫😵‍💫,buenos ésto apagones están insoportable en boca chica ih con esté calor qué está haciendo ay que hacer algo para ber sí le buscan la solución a esté problema,es,NEG,0.0079,0.0,0.9921,True,False
c8faa2351c3811da88baf86f66bdf179206a48fd,2026-06-27T20:42:09.694807+00:00,https://www.instagram.com/p/DZXkN-pp92u/,bocachicainformando,instagram,MEDIA,Ahora mismo no hay😂,ahora mismo no hay,so,,,,,False,True
746d676db27f7e0949c2ebe5cbeca506950693e8,2026-06-27T20:42:09.694807+00:00,https://www.instagram.com/p/DZOnYOsJOqM/,bocachicainformando,instagram,MEDIA,????,??,unknown,,,,,False,True
5dff1b8719df6d0b940250ecc0e518ffe5ea4bca,2026-06-27T20:42:09.694807+00:00,https://www.instagram.com/p/DZOnYOsJOqM/,bocachicainformando,instagram,MEDIA,Eso camione tienen a uno harto ya,eso camione tienen a uno harto ya,es,NEG,0.0125,0.0,0.9875,True,False
ccad7e0395fda2fdc917ba091d838deb4d2b5e99,2026-06-27T20:42:09.694807+00:00,https://www.instagram.com/p/DZOnYOsJOqM/,bocachicainformando,instagram,MEDIA,Pronto medio Andrés prende también ya es un abuso,pronto medio andrés prende también ya es un abuso,es,NEG,0.0057,0.0798,0.9145,False,False
188ea0c9b2474a2aa6e7edb93f47f3d734926e7e,2026-06-27T20:42:09.694807+00:00,https://www.instagram.com/p/DZOnYOsJOqM/,bocachicainformando,instagram,MEDIA,Después se quejan que no sirven las calles que país vivimos,después se quejan que no sirven las calles que país vivimos,es,NEG,0.0065,0.0277,0.9658,False,False
4bb338e6fe7766afec5f6145f7a252621d0b624e,2026-06-27T20:42:09.694807+00:00,https://www.instagram.com/p/DZOnYOsJOqM/,bocachicainformando,instagram,MEDIA,Quemen to 🔥🔥🔥,quemen to,fr,,,,,False,True
82a6081bfaa8688cc3eb021c040b4ee002aee5f1,2026-06-27T20:42:09.694807+00:00,https://www.instagram.com/p/DZOnYOsJOqM/,bocachicainformando,instagram,MEDIA,😢,,unknown,,,,,False,True
fbfa379dea5846d0855440fe92b70f41d7b0f06d,2026-06-27T20:42:09.694807+00:00,https://www.instagram.com/p/DZOnYOsJOqM/,bocachicainformando,instagram,MEDIA,Estoy se está otornando 🔥🔥 en todos los barrios hay que hacerlo simultáneamente en mi casa hay muchas gomas para el que quiera 😂,estoy se está otornando en todos los barrios hay que hacerlo simultáneamente en mi casa hay muchas gomas para el que quiera,es,NEU,0.292,0.6949,0.0131,False,False
7513200e9198a67211fd3d6e9637df7043fb2a48,2026-06-27T20:42:09.694807+00:00,https://www.instagram.com/p/DZOnYOsJOqM/,bocachicainformando,instagram,MEDIA,@edeeste.rd ustedes tienen a la gente harta y cansa coño,.rd ustedes tienen a la gente harta y cansa coño,es,NEG,0.0097,0.0,0.9903,True,False
97cabda20dc9b19a81c4212b852872922aa0f0ee,2026-06-27T20:42:09.694807+00:00,https://www.instagram.com/p/DZOnYOsJOqM/,bocachicainformando,instagram,MEDIA,Es en las carreteras de las america que hay que hacerla esos mmg tanto calor que hace y sin luz,es en las carreteras de las america que hay que hacerla esos mmg tanto calor que hace y sin luz,es,NEG,0.0073,0.0,0.9927,True,False
1fa576e9a3a4d8a1facac7d0781a3de37110fe5c,2026-06-27T20:42:09.694807+00:00,https://www.instagram.com/p/DZOnYOsJOqM/,bocachicainformando,instagram,MEDIA,@edeeste.rd,.rd,unknown,,,,,False,True
30212513de20307fa7db27bc5f0cdb3b1fc7b4b8,2026-06-27T20:42:09.694807+00:00,https://www.instagram.com/p/DZOnYOsJOqM/,bocachicainformando,instagram,MEDIA,Y a quien le afecta la quema de gomas ?,y a quien le afecta la quema de gomas ?,es,NEG,0.01,0.2468,0.7432,False,False
bd9d776814e8f548d50bb0bef8b2382f0fca25d7,2026-06-27T20:42:09.694807+00:00,https://www.instagram.com/p/DZOnYOsJOqM/,bocachicainformando,instagram,MEDIA,👏👏,,unknown,,,,,False,True
2efef96d63c5cc68c99ae80ee5956378beb9f585,2026-06-27T20:42:09.694807+00:00,https://www.instagram.com/p/DZOnYOsJOqM/,bocachicainformando,instagram,MEDIA,Es en todo el país.,es en todo el país.,es,NEU,0.0767,0.7014,0.2219,False,False
3b4ccbf674408a57c6d3701774f6f4c4ae1b2916,2026-06-27T20:42:09.694807+00:00,https://www.instagram.com/p/DZOnYOsJOqM/,bocachicainformando,instagram,MEDIA,Nos tienen jarto coño desde anoche sin luz 😡😡,nos tienen jarto coño desde anoche sin luz,es,NEG,0.014,0.0,0.986,True,False
2371d6d8a0c3de4569f01b2d63f4279812fe1b43,2026-06-27T20:42:09.694807+00:00,https://www.instagram.com/p/DZZFUq8JenL/,bocachicainformando,instagram,MEDIA,Estoy totalmente de acuerdo con los caleteros lo mismo aremos en Andrés y boca chica.🔥🔥🔥,estoy totalmente de acuerdo con los caleteros lo mismo aremos en andrés y boca chica.,es,NEU,0.2014,0.7481,0.0505,False,False
c82612c764bfd32b448b3105a298176b4d9764b3,2026-06-27T20:42:09.694807+00:00,https://www.instagram.com/p/DZZFUq8JenL/,bocachicainformando,instagram,MEDIA,@edeeste.rd ederejalo que nos tienen mmg 🤬😡😡,.rd ederejalo que nos tienen mmg,es,NEG,0.0199,0.1127,0.8674,False,False
7423599d4ce7b15ae76ef262483360544280e887,2026-06-27T20:42:09.694807+00:00,https://www.instagram.com/p/DZZFUq8JenL/,bocachicainformando,instagram,MEDIA,Más de hay deben de hacer,más de hay deben de hacer,es,NEU,0.0477,0.6556,0.2967,False,False
37fa1276da36b7dd2dc60962b30b38b1b8ce6602,2026-06-27T20:42:09.694807+00:00,https://www.instagram.com/p/DZZFUq8JenL/,bocachicainformando,instagram,MEDIA,Y lo rápido que se arregló cuando prendieron las gomas  eso es una burlas 😂,y lo rápido que se arregló cuando prendieron las gomas eso es una burlas,es,POS,0.6561,0.2439,0.1,False,False
31bebd4e0a8e70de71116d010e5501b296ee653d,2026-06-27T20:42:09.694807+00:00,https://www.instagram.com/p/DZZFUq8JenL/,bocachicainformando,instagram,MEDIA,Llega un momento en que la gente se cansa ..... Abusadores 🔥🔥🔥,llega un momento en que la gente se cansa .. abusadores,es,NEG,0.0055,0.0,0.9945,True,False
b2ff18918e1acaa37e81afabaf1d25ba13a087bc,2026-06-27T20:42:09.694807+00:00,https://www.instagram.com/p/DZZFUq8JenL/,bocachicainformando,instagram,MEDIA,Así hay que hacer en la ciudad Juan Bosch,así hay que hacer en la ciudad juan bosch,es,NEU,0.4341,0.5259,0.04,False,False
4dc70c8f02cdfe829643a885934a818a9c589c69,2026-06-27T20:42:09.694807+00:00,https://www.instagram.com/p/DZZFUq8JenL/,bocachicainformando,instagram,MEDIA,Excelente... Estamos hartos de este pésima servicio de Edeeste !,excelente.. estamos hartos de este pésima servicio de edeeste !,pt,,,,,False,True
c419bf0b59e114d25d31934aaae161ca96cfa5e5,2026-06-27T20:42:09.694807+00:00,https://www.instagram.com/p/DZZFUq8JenL/,bocachicainformando,instagram,MEDIA,👏👏👏🔥🔥🔥,,unknown,,,,,False,True
db694a387224da708a41e1d95ca9351e8bc86fc5,2026-06-27T20:42:09.694807+00:00,https://www.instagram.com/p/DZZFUq8JenL/,bocachicainformando,instagram,MEDIA,👏👏👏👏🔥🔥,,unknown,,,,,False,True
1aed5469d7252be29f18d49db9c628ffe38db2e1,2026-06-27T20:42:09.694807+00:00,https://www.instagram.com/p/DZOnYOsJOqM/,bocachicainformando,instagram,MEDIA,😮,,unknown,,,,,False,True
